{
  "overall_pred_avg": 37.04583333333333,
  "overall_prop_avg": 47.32916666666667,
  "overall_ratio": 1.277584073782477,
  "categories": {
    "brainstorming": {
      "num_samples": 200,
      "avg_prediction_score": 38.43333333333333,
      "avg_proposed_score": 47.8,
      "ratio": 1.2437120555073722
    },
    "classification": {
      "num_samples": 200,
      "avg_prediction_score": 21.5,
      "avg_proposed_score": 24.199999999999996,
      "ratio": 1.125581395348837
    },
    "closed_qa": {
      "num_samples": 200,
      "avg_prediction_score": 47.4,
      "avg_proposed_score": 55.5,
      "ratio": 1.1708860759493671
    },
    "creative_writing": {
      "num_samples": 200,
      "avg_prediction_score": 38.06666666666666,
      "avg_proposed_score": 46.43333333333334,
      "ratio": 1.2197898423817866
    },
    "general_qa": {
      "num_samples": 200,
      "avg_prediction_score": 43.23333333333333,
      "avg_proposed_score": 54.06666666666667,
      "ratio": 1.250578257517348
    },
    "information_extraction": {
      "num_samples": 200,
      "avg_prediction_score": 32.06666666666666,
      "avg_proposed_score": 59.73333333333334,
      "ratio": 1.8627858627858633
    },
    "open_qa": {
      "num_samples": 200,
      "avg_prediction_score": 38.833333333333336,
      "avg_proposed_score": 42.46666666666667,
      "ratio": 1.0935622317596567
    },
    "summarization": {
      "num_samples": 200,
      "avg_prediction_score": 36.83333333333333,
      "avg_proposed_score": 48.43333333333333,
      "ratio": 1.3149321266968326
    }
  },
  "votes_per_sample": 3,
  "num_samples": 1600,
  "eval_failures": 0,
  "total_in_files": 1600,
  "batched_evaluation": true,
  "batch_size": 20,
  "retry_attempts": 0
}