{
  "overall_pred_avg": 34.44166666666667,
  "overall_prop_avg": 44.85833333333333,
  "overall_ratio": 1.3024437454633435,
  "categories": {
    "brainstorming": {
      "num_samples": 200,
      "avg_prediction_score": 39.73333333333333,
      "avg_proposed_score": 42.83333333333333,
      "ratio": 1.0780201342281879
    },
    "classification": {
      "num_samples": 200,
      "avg_prediction_score": 22.633333333333336,
      "avg_proposed_score": 25.766666666666666,
      "ratio": 1.1384388807069217
    },
    "closed_qa": {
      "num_samples": 200,
      "avg_prediction_score": 40.96666666666667,
      "avg_proposed_score": 55.16666666666666,
      "ratio": 1.3466232709519932
    },
    "creative_writing": {
      "num_samples": 200,
      "avg_prediction_score": 40.333333333333336,
      "avg_proposed_score": 42.76666666666666,
      "ratio": 1.0603305785123964
    },
    "general_qa": {
      "num_samples": 200,
      "avg_prediction_score": 42.43333333333334,
      "avg_proposed_score": 49.33333333333333,
      "ratio": 1.162608012568735
    },
    "information_extraction": {
      "num_samples": 200,
      "avg_prediction_score": 27.100000000000005,
      "avg_proposed_score": 56.73333333333334,
      "ratio": 2.093480934809348
    },
    "open_qa": {
      "num_samples": 200,
      "avg_prediction_score": 31.9,
      "avg_proposed_score": 38.1,
      "ratio": 1.19435736677116
    },
    "summarization": {
      "num_samples": 200,
      "avg_prediction_score": 30.43333333333333,
      "avg_proposed_score": 48.16666666666666,
      "ratio": 1.582694414019715
    }
  },
  "votes_per_sample": 3,
  "num_samples": 1600,
  "eval_failures": 0,
  "total_in_files": 1600,
  "batched_evaluation": true,
  "batch_size": 20,
  "retry_attempts": 0
}