{
  "brainstorming": {
    "rouge1": 0.1885971632200562,
    "rouge2": 0.04827316399422752,
    "rougeL": 0.1331167567034981,
    "rougeLsum": 0.15893989380771817
  },
  "classification": {
    "rouge1": 0.40353659932227764,
    "rouge2": 0.14590565618623047,
    "rougeL": 0.31552663906978984,
    "rougeLsum": 0.338693841069041
  },
  "closed_qa": {
    "rouge1": 0.31409810829505386,
    "rouge2": 0.1742702341287261,
    "rougeL": 0.27184304589106456,
    "rougeLsum": 0.274418355089434
  },
  "creative_writing": {
    "rouge1": 0.22257770785401607,
    "rouge2": 0.044593640084404335,
    "rougeL": 0.13203653958814376,
    "rougeLsum": 0.15502109005376505
  },
  "general_qa": {
    "rouge1": 0.24524294627810664,
    "rouge2": 0.06600011410818349,
    "rougeL": 0.16783236763284792,
    "rougeLsum": 0.17616223556154872
  },
  "information_extraction": {
    "rouge1": 0.2937125688842658,
    "rouge2": 0.17206440503457854,
    "rougeL": 0.25309274033707563,
    "rougeLsum": 0.26023859653458364
  },
  "open_qa": {
    "rouge1": 0.2607323778010006,
    "rouge2": 0.09992774107835414,
    "rougeL": 0.20082304105715426,
    "rougeLsum": 0.2057365981675658
  },
  "summarization": {
    "rouge1": 0.3948589659495977,
    "rouge2": 0.24314021770090688,
    "rougeL": 0.3335686798852852,
    "rougeLsum": 0.3454586791232042
  },
  "overall": {
    "avg_rouge1": 0.29041955470054687,
    "avg_rouge2": 0.12427189653945143,
    "avg_rougeL": 0.22597997627060742,
    "avg_rougeLsum": 0.23933366117585758
  }
}