{
  "brainstorming": {
    "rouge1": 0.18195388156331077,
    "rouge2": 0.05070968661304714,
    "rougeL": 0.13088260191499243,
    "rougeLsum": 0.1542083265184086
  },
  "classification": {
    "rouge1": 0.4476449410788201,
    "rouge2": 0.15253039474235466,
    "rougeL": 0.3738064330030521,
    "rougeLsum": 0.3961588472679688
  },
  "closed_qa": {
    "rouge1": 0.3225961423751233,
    "rouge2": 0.1713132883663408,
    "rougeL": 0.28420823726320255,
    "rougeLsum": 0.28956075172355134
  },
  "creative_writing": {
    "rouge1": 0.21637655593318322,
    "rouge2": 0.042687257536724865,
    "rougeL": 0.13120826545220204,
    "rougeLsum": 0.15406682230822094
  },
  "general_qa": {
    "rouge1": 0.2391691690839277,
    "rouge2": 0.06335109644224828,
    "rougeL": 0.1625493230228886,
    "rougeLsum": 0.1698683525536241
  },
  "information_extraction": {
    "rouge1": 0.3078274151736359,
    "rouge2": 0.180452361340601,
    "rougeL": 0.2687882553911072,
    "rougeLsum": 0.27394795331324406
  },
  "open_qa": {
    "rouge1": 0.24202808255040642,
    "rouge2": 0.09555013027719197,
    "rougeL": 0.19191806253263538,
    "rougeLsum": 0.19729460528379558
  },
  "summarization": {
    "rouge1": 0.350765264228851,
    "rouge2": 0.20785148820215582,
    "rougeL": 0.29485711107780854,
    "rougeLsum": 0.3066264554009409
  },
  "overall": {
    "avg_rouge1": 0.28854518149840724,
    "avg_rouge2": 0.12055571294008306,
    "avg_rougeL": 0.2297772862072361,
    "avg_rougeLsum": 0.24271651429621927
  }
}