{
  "brainstorming": {
    "rouge1": 0.18074378020676476,
    "rouge2": 0.0490495189618279,
    "rougeL": 0.12894605493622174,
    "rougeLsum": 0.1512280673241862
  },
  "classification": {
    "rouge1": 0.3970219157797399,
    "rouge2": 0.13605849683673965,
    "rougeL": 0.33291946782070403,
    "rougeLsum": 0.3511830973466224
  },
  "closed_qa": {
    "rouge1": 0.29951758757741453,
    "rouge2": 0.14493268868694503,
    "rougeL": 0.2554429530175773,
    "rougeLsum": 0.2585363406242247
  },
  "creative_writing": {
    "rouge1": 0.21300904589072267,
    "rouge2": 0.04063493154336431,
    "rougeL": 0.13064270729785848,
    "rougeLsum": 0.1522966196048065
  },
  "general_qa": {
    "rouge1": 0.241373282712394,
    "rouge2": 0.059326699765647285,
    "rougeL": 0.16074422275989392,
    "rougeLsum": 0.16699610190599734
  },
  "information_extraction": {
    "rouge1": 0.2764888082808239,
    "rouge2": 0.14856355610996638,
    "rougeL": 0.23758619617136723,
    "rougeLsum": 0.2427367036005723
  },
  "open_qa": {
    "rouge1": 0.24329551050075543,
    "rouge2": 0.09506418126949726,
    "rougeL": 0.19184972809405,
    "rougeLsum": 0.19732025779734388
  },
  "summarization": {
    "rouge1": 0.30385230105124117,
    "rouge2": 0.14229658480594992,
    "rougeL": 0.24220724022992757,
    "rougeLsum": 0.25291255740808827
  },
  "overall": {
    "avg_rouge1": 0.26941277899998206,
    "avg_rouge2": 0.10199083224749222,
    "avg_rougeL": 0.21004232129095002,
    "avg_rougeLsum": 0.2216512182014802
  }
}