{
  "brainstorming": {
    "rouge1": 0.18961641529635836,
    "rouge2": 0.047515592785803334,
    "rougeL": 0.13084366951912185,
    "rougeLsum": 0.15660939249546169
  },
  "classification": {
    "rouge1": 0.32072035334293303,
    "rouge2": 0.11710247452792136,
    "rougeL": 0.24863422071950925,
    "rougeLsum": 0.27141738978840685
  },
  "closed_qa": {
    "rouge1": 0.2680951120941273,
    "rouge2": 0.128879760646108,
    "rougeL": 0.22550705812851757,
    "rougeLsum": 0.23056551781837392
  },
  "creative_writing": {
    "rouge1": 0.23158377417712117,
    "rouge2": 0.04232380277485623,
    "rougeL": 0.1362147145402048,
    "rougeLsum": 0.16107866053386966
  },
  "general_qa": {
    "rouge1": 0.26408383830158594,
    "rouge2": 0.06803679403676355,
    "rougeL": 0.17054700616453627,
    "rougeLsum": 0.1836838468943931
  },
  "information_extraction": {
    "rouge1": 0.2551395663156293,
    "rouge2": 0.12605363690144428,
    "rougeL": 0.20931787244569786,
    "rougeLsum": 0.21668778490192717
  },
  "open_qa": {
    "rouge1": 0.2579087355680741,
    "rouge2": 0.09288947120260163,
    "rougeL": 0.19092738072626747,
    "rougeLsum": 0.19800409482957276
  },
  "summarization": {
    "rouge1": 0.3036796480126557,
    "rouge2": 0.13666568042289245,
    "rougeL": 0.23444043908773832,
    "rougeLsum": 0.2425861344231791
  },
  "overall": {
    "avg_rouge1": 0.2613534303885606,
    "avg_rouge2": 0.09493340166229886,
    "avg_rougeL": 0.1933040451664492,
    "avg_rougeLsum": 0.207579102710648
  }
}