{
  "brainstorming": {
    "rouge1": 0.1916405297115327,
    "rouge2": 0.04871085453673969,
    "rougeL": 0.1398741180123014,
    "rougeLsum": 0.16443200922123813
  },
  "classification": {
    "rouge1": 0.43874973256515193,
    "rouge2": 0.14821236701529275,
    "rougeL": 0.3541824119074385,
    "rougeLsum": 0.3799909976575991
  },
  "closed_qa": {
    "rouge1": 0.2865661124758524,
    "rouge2": 0.14037767283239128,
    "rougeL": 0.2483189453010269,
    "rougeLsum": 0.2532811066759979
  },
  "creative_writing": {
    "rouge1": 0.212925186424287,
    "rouge2": 0.041133324318791964,
    "rougeL": 0.13065735393101457,
    "rougeLsum": 0.15169209084365853
  },
  "general_qa": {
    "rouge1": 0.23938926399526006,
    "rouge2": 0.05539743696129866,
    "rougeL": 0.15951522894124842,
    "rougeLsum": 0.16948170740287893
  },
  "information_extraction": {
    "rouge1": 0.2550904363842901,
    "rouge2": 0.13157016791290488,
    "rougeL": 0.2167048719860431,
    "rougeLsum": 0.22262539966996361
  },
  "open_qa": {
    "rouge1": 0.25508192092370996,
    "rouge2": 0.10157819465272033,
    "rougeL": 0.19999246098190782,
    "rougeLsum": 0.20494220316112916
  },
  "summarization": {
    "rouge1": 0.3158539640855983,
    "rouge2": 0.1523762817002315,
    "rougeL": 0.24976963100073646,
    "rougeLsum": 0.26220434446903024
  },
  "overall": {
    "avg_rouge1": 0.2744121433207103,
    "avg_rouge2": 0.10241953749129637,
    "avg_rougeL": 0.21237687775771466,
    "avg_rougeLsum": 0.22608123238768696
  }
}