{
  "brainstorming": {
    "rouge1": 0.1827839697028525,
    "rouge2": 0.05175176562950093,
    "rougeL": 0.1349277955317033,
    "rougeLsum": 0.15838933078090986
  },
  "classification": {
    "rouge1": 0.4082573357193081,
    "rouge2": 0.1220306629865076,
    "rougeL": 0.34562764177235805,
    "rougeLsum": 0.3649127215041812
  },
  "closed_qa": {
    "rouge1": 0.333790513454671,
    "rouge2": 0.1870942757243839,
    "rougeL": 0.2992170527992377,
    "rougeLsum": 0.30227232505143076
  },
  "creative_writing": {
    "rouge1": 0.19636173499931683,
    "rouge2": 0.039250774950559314,
    "rougeL": 0.12478865721357638,
    "rougeLsum": 0.14372823926194894
  },
  "general_qa": {
    "rouge1": 0.22914255079432683,
    "rouge2": 0.06093291925951865,
    "rougeL": 0.1610404258458238,
    "rougeLsum": 0.16761027503097425
  },
  "information_extraction": {
    "rouge1": 0.2792077752698414,
    "rouge2": 0.1636839507687816,
    "rougeL": 0.247791227405974,
    "rougeLsum": 0.25109647853711475
  },
  "open_qa": {
    "rouge1": 0.26331669197779983,
    "rouge2": 0.11094987462387629,
    "rougeL": 0.21014399799217848,
    "rougeLsum": 0.21396007458442579
  },
  "summarization": {
    "rouge1": 0.32557242183805396,
    "rouge2": 0.19585324449837183,
    "rougeL": 0.2763489588972969,
    "rougeLsum": 0.28419468806409426
  },
  "overall": {
    "avg_rouge1": 0.2773041242195213,
    "avg_rouge2": 0.1164434335551875,
    "avg_rougeL": 0.22498571968226855,
    "avg_rougeLsum": 0.235770516601885
  }
}