{
  "brainstorming": {
    "rouge1": 0.19850271279275633,
    "rouge2": 0.05135998066236876,
    "rougeL": 0.1360088215618556,
    "rougeLsum": 0.16570996277408728
  },
  "classification": {
    "rouge1": 0.3222801259897859,
    "rouge2": 0.12391126514451153,
    "rougeL": 0.2463432673249542,
    "rougeLsum": 0.2697838708387743
  },
  "closed_qa": {
    "rouge1": 0.25730935188850346,
    "rouge2": 0.1259031835256191,
    "rougeL": 0.21741620689698032,
    "rougeLsum": 0.22361725613337693
  },
  "creative_writing": {
    "rouge1": 0.23723643297186242,
    "rouge2": 0.04397464652713691,
    "rougeL": 0.13753567506587133,
    "rougeLsum": 0.1637294678932238
  },
  "general_qa": {
    "rouge1": 0.2634184763207891,
    "rouge2": 0.06390492047084781,
    "rougeL": 0.16607655994647008,
    "rougeLsum": 0.1777104108316196
  },
  "information_extraction": {
    "rouge1": 0.2590632737117231,
    "rouge2": 0.13351294619216286,
    "rougeL": 0.2147966888965622,
    "rougeLsum": 0.2248801572459715
  },
  "open_qa": {
    "rouge1": 0.24921817298757315,
    "rouge2": 0.08095091214228936,
    "rougeL": 0.17719015480503875,
    "rougeLsum": 0.18075319738176493
  },
  "summarization": {
    "rouge1": 0.29938850392129635,
    "rouge2": 0.13408965329884587,
    "rougeL": 0.23276824689980075,
    "rougeLsum": 0.2452759491018403
  },
  "overall": {
    "avg_rouge1": 0.2608021313230362,
    "avg_rouge2": 0.09470093849547276,
    "avg_rougeL": 0.19101695267469165,
    "avg_rougeLsum": 0.20643253402508235
  }
}