{
  "brainstorming": {
    "rouge1": 0.19332472131578476,
    "rouge2": 0.05285826076622077,
    "rougeL": 0.1439336026908999,
    "rougeLsum": 0.1607075268440113
  },
  "classification": {
    "rouge1": 0.5092115361118266,
    "rouge2": 0.19994177891965906,
    "rougeL": 0.4074720984544661,
    "rougeLsum": 0.440155928261752
  },
  "closed_qa": {
    "rouge1": 0.3092505252430715,
    "rouge2": 0.15720452076546648,
    "rougeL": 0.2659264302018568,
    "rougeLsum": 0.27201330089484954
  },
  "creative_writing": {
    "rouge1": 0.20873912004910816,
    "rouge2": 0.040163168467251986,
    "rougeL": 0.1278248318076239,
    "rougeLsum": 0.14739855641257488
  },
  "general_qa": {
    "rouge1": 0.24075873706922207,
    "rouge2": 0.06260180115307087,
    "rougeL": 0.1657957948291332,
    "rougeLsum": 0.1733533076623872
  },
  "information_extraction": {
    "rouge1": 0.29309839106225755,
    "rouge2": 0.16998761534926105,
    "rougeL": 0.2551865462106353,
    "rougeLsum": 0.25887634556440653
  },
  "open_qa": {
    "rouge1": 0.25744333474096115,
    "rouge2": 0.10519723966564792,
    "rougeL": 0.20473902371365515,
    "rougeLsum": 0.20886038200426
  },
  "summarization": {
    "rouge1": 0.3326862357698354,
    "rouge2": 0.17202323182398338,
    "rougeL": 0.27105708875039913,
    "rougeLsum": 0.2807057726023998
  },
  "overall": {
    "avg_rouge1": 0.2930640751702584,
    "avg_rouge2": 0.1199972021138202,
    "avg_rougeL": 0.23024192708233368,
    "avg_rougeLsum": 0.24275889003083015
  }
}