{
  "brainstorming": {
    "rouge1": 0.18146021569494908,
    "rouge2": 0.05185984557890225,
    "rougeL": 0.13347773814902714,
    "rougeLsum": 0.15678083312830526
  },
  "classification": {
    "rouge1": 0.43595149142739065,
    "rouge2": 0.1353497375404895,
    "rougeL": 0.3657706588668016,
    "rougeLsum": 0.3831986566239983
  },
  "closed_qa": {
    "rouge1": 0.32959333079470776,
    "rouge2": 0.17963480956911904,
    "rougeL": 0.29582293395712067,
    "rougeLsum": 0.29972435522124075
  },
  "creative_writing": {
    "rouge1": 0.20205907481241245,
    "rouge2": 0.04184329455735282,
    "rougeL": 0.12510505717761816,
    "rougeLsum": 0.14399612738154594
  },
  "general_qa": {
    "rouge1": 0.22814096042056195,
    "rouge2": 0.063304290086067,
    "rougeL": 0.16376736009628057,
    "rougeLsum": 0.17086779484887987
  },
  "information_extraction": {
    "rouge1": 0.28115515643084876,
    "rouge2": 0.16246824616011846,
    "rougeL": 0.24916530811328422,
    "rougeLsum": 0.2517854385918298
  },
  "open_qa": {
    "rouge1": 0.25692948526987625,
    "rouge2": 0.10822685261004145,
    "rougeL": 0.20015343813558123,
    "rougeLsum": 0.20647693860100494
  },
  "summarization": {
    "rouge1": 0.32160435845230595,
    "rouge2": 0.19686157077462177,
    "rougeL": 0.27606682104040836,
    "rougeLsum": 0.2844451491182889
  },
  "overall": {
    "avg_rouge1": 0.2796117591628816,
    "avg_rouge2": 0.11744358085958903,
    "avg_rougeL": 0.22616616444201526,
    "avg_rougeLsum": 0.23715941168938676
  }
}