{
  "brainstorming": {
    "rouge1": 0.19222213828133222,
    "rouge2": 0.055006309391949684,
    "rougeL": 0.14074661019936782,
    "rougeLsum": 0.1658144901641323
  },
  "classification": {
    "rouge1": 0.42206051814179246,
    "rouge2": 0.13864221235702873,
    "rougeL": 0.3540431136661344,
    "rougeLsum": 0.37342285179983525
  },
  "closed_qa": {
    "rouge1": 0.3336677280181548,
    "rouge2": 0.18070577570768798,
    "rougeL": 0.2965398504775617,
    "rougeLsum": 0.3012462645498756
  },
  "creative_writing": {
    "rouge1": 0.20627118356099183,
    "rouge2": 0.036774585933735074,
    "rougeL": 0.12352624740401168,
    "rougeLsum": 0.146650366453294
  },
  "general_qa": {
    "rouge1": 0.23716035027272256,
    "rouge2": 0.060822362234338165,
    "rougeL": 0.16231752307231861,
    "rougeLsum": 0.17137177964541395
  },
  "information_extraction": {
    "rouge1": 0.28704248908568775,
    "rouge2": 0.16311395347271532,
    "rougeL": 0.24930401802330554,
    "rougeLsum": 0.2558525585656174
  },
  "open_qa": {
    "rouge1": 0.24220058640078673,
    "rouge2": 0.09271361049495169,
    "rougeL": 0.19251946095164651,
    "rougeLsum": 0.19607612733809432
  },
  "summarization": {
    "rouge1": 0.3338602490533145,
    "rouge2": 0.19359006665706027,
    "rougeL": 0.28368368345050454,
    "rougeLsum": 0.29295007478718205
  },
  "overall": {
    "avg_rouge1": 0.2818106553518479,
    "avg_rouge2": 0.11517110953118337,
    "avg_rougeL": 0.22533506340560633,
    "avg_rougeLsum": 0.23792306416293063
  }
}