{
  "brainstorming": {
    "rouge1": 0.18272403579764368,
    "rouge2": 0.048302714802735444,
    "rougeL": 0.133589150681109,
    "rougeLsum": 0.15621537846456246
  },
  "classification": {
    "rouge1": 0.3957993203723096,
    "rouge2": 0.12740912443853591,
    "rougeL": 0.32790963159162223,
    "rougeLsum": 0.34980456923625863
  },
  "closed_qa": {
    "rouge1": 0.29514239564791145,
    "rouge2": 0.14526308855184156,
    "rougeL": 0.2509457789688035,
    "rougeLsum": 0.255924085150126
  },
  "creative_writing": {
    "rouge1": 0.21246457343558478,
    "rouge2": 0.04357262692198992,
    "rougeL": 0.13143453363095836,
    "rougeLsum": 0.15136031518416215
  },
  "general_qa": {
    "rouge1": 0.2458915978100598,
    "rouge2": 0.06489908728282912,
    "rougeL": 0.1652488561287654,
    "rougeLsum": 0.17481628606598956
  },
  "information_extraction": {
    "rouge1": 0.27568090163054837,
    "rouge2": 0.14848974596237946,
    "rougeL": 0.23399309134013035,
    "rougeLsum": 0.2416103229939432
  },
  "open_qa": {
    "rouge1": 0.2526718759888992,
    "rouge2": 0.10093274801290156,
    "rougeL": 0.20066634856000487,
    "rougeLsum": 0.20602834383727664
  },
  "summarization": {
    "rouge1": 0.3019781234208636,
    "rouge2": 0.13795882686500155,
    "rougeL": 0.24330127182489703,
    "rougeLsum": 0.2536334905995582
  },
  "overall": {
    "avg_rouge1": 0.2702941030129775,
    "avg_rouge2": 0.10210349535477681,
    "avg_rougeL": 0.21088608284078636,
    "avg_rougeLsum": 0.2236740989414846
  }
}