{
  "brainstorming": {
    "rouge1": 0.1815414711671088,
    "rouge2": 0.051913506140590454,
    "rougeL": 0.1338397750513075,
    "rougeLsum": 0.15638619847290158
  },
  "classification": {
    "rouge1": 0.43695660478531495,
    "rouge2": 0.13577496114931586,
    "rougeL": 0.36658545863704795,
    "rougeLsum": 0.38326953475554826
  },
  "closed_qa": {
    "rouge1": 0.329770870383586,
    "rouge2": 0.18014315439514572,
    "rougeL": 0.29607179409525053,
    "rougeLsum": 0.2989695113818204
  },
  "creative_writing": {
    "rouge1": 0.20235752601602547,
    "rouge2": 0.04187476619669145,
    "rougeL": 0.12459886645812207,
    "rougeLsum": 0.14419291707929816
  },
  "general_qa": {
    "rouge1": 0.22842044271023088,
    "rouge2": 0.06325302956407744,
    "rougeL": 0.16390535703216125,
    "rougeLsum": 0.17064564402811466
  },
  "information_extraction": {
    "rouge1": 0.2820019078566769,
    "rouge2": 0.16305067197808898,
    "rougeL": 0.25064258992033966,
    "rougeLsum": 0.251485728241885
  },
  "open_qa": {
    "rouge1": 0.2553077029920738,
    "rouge2": 0.10770392550908447,
    "rougeL": 0.20050185845653967,
    "rougeLsum": 0.2062557921621751
  },
  "summarization": {
    "rouge1": 0.3227543957738377,
    "rouge2": 0.19532929466962956,
    "rougeL": 0.2749767366367813,
    "rougeLsum": 0.28492574774264046
  },
  "overall": {
    "avg_rouge1": 0.27988886521060685,
    "avg_rouge2": 0.11738041370032799,
    "avg_rougeL": 0.22639030453594375,
    "avg_rougeLsum": 0.23701638423304794
  }
}