{
  "brainstorming": {
    "rouge1": 0.1945087763178125,
    "rouge2": 0.05181765725028667,
    "rougeL": 0.13889263425460113,
    "rougeLsum": 0.16579299112218165
  },
  "classification": {
    "rouge1": 0.4926732894789726,
    "rouge2": 0.1904314015045797,
    "rougeL": 0.3955314702640472,
    "rougeLsum": 0.42320062419001075
  },
  "closed_qa": {
    "rouge1": 0.3059184587841941,
    "rouge2": 0.16356429623659602,
    "rougeL": 0.2654173132695849,
    "rougeLsum": 0.26873602375014644
  },
  "creative_writing": {
    "rouge1": 0.20876524844917832,
    "rouge2": 0.039914368536192076,
    "rougeL": 0.12906014631335494,
    "rougeLsum": 0.1490298087557739
  },
  "general_qa": {
    "rouge1": 0.24456511047055846,
    "rouge2": 0.062185601803730006,
    "rougeL": 0.16710023675536123,
    "rougeLsum": 0.17643021594698666
  },
  "information_extraction": {
    "rouge1": 0.27851567570996527,
    "rouge2": 0.15904914537885595,
    "rougeL": 0.2415358466951466,
    "rougeLsum": 0.24826679777962185
  },
  "open_qa": {
    "rouge1": 0.2518774023915088,
    "rouge2": 0.10071016910607217,
    "rougeL": 0.20030878729435542,
    "rougeLsum": 0.2052381199965466
  },
  "summarization": {
    "rouge1": 0.34249702982459307,
    "rouge2": 0.18856413609141415,
    "rougeL": 0.2846022326614517,
    "rougeLsum": 0.2917867878926048
  },
  "overall": {
    "avg_rouge1": 0.28991512392834784,
    "avg_rouge2": 0.11952959698846585,
    "avg_rougeL": 0.2278060834384879,
    "avg_rougeLsum": 0.24106017117923406
  }
}