{
  "brainstorming": {
    "rouge1": 0.18375065219070658,
    "rouge2": 0.04823126793801424,
    "rougeL": 0.13363032344792575,
    "rougeLsum": 0.15640868910049655
  },
  "classification": {
    "rouge1": 0.39768136694942213,
    "rouge2": 0.12720500829843084,
    "rougeL": 0.32846452547600535,
    "rougeLsum": 0.3493660043855599
  },
  "closed_qa": {
    "rouge1": 0.29649335684931877,
    "rouge2": 0.14563095307923565,
    "rougeL": 0.25023536936475776,
    "rougeLsum": 0.2562361406839988
  },
  "creative_writing": {
    "rouge1": 0.21179750041972228,
    "rouge2": 0.04408225763709818,
    "rougeL": 0.13159417493767728,
    "rougeLsum": 0.15090482686704482
  },
  "general_qa": {
    "rouge1": 0.2461794058603205,
    "rouge2": 0.06492761697709315,
    "rougeL": 0.16457861949032082,
    "rougeLsum": 0.1743330744462974
  },
  "information_extraction": {
    "rouge1": 0.27444863555067567,
    "rouge2": 0.14835887536244158,
    "rougeL": 0.23476881958532303,
    "rougeLsum": 0.2421423434546535
  },
  "open_qa": {
    "rouge1": 0.2538920527229006,
    "rouge2": 0.10177618724917836,
    "rougeL": 0.20157389045618923,
    "rougeLsum": 0.20676457387672925
  },
  "summarization": {
    "rouge1": 0.302207393074472,
    "rouge2": 0.13885785231245196,
    "rougeL": 0.24250948068269831,
    "rougeLsum": 0.25283091584618933
  },
  "overall": {
    "avg_rouge1": 0.27080629545219237,
    "avg_rouge2": 0.102383752356743,
    "avg_rougeL": 0.2109194004301122,
    "avg_rougeLsum": 0.22362332108262117
  }
}