{
  "brainstorming": {
    "rouge1": 0.19408927625369368,
    "rouge2": 0.0523287209723815,
    "rougeL": 0.1391887854191899,
    "rougeLsum": 0.16613640342487324
  },
  "classification": {
    "rouge1": 0.4920090856977841,
    "rouge2": 0.18966508645837665,
    "rougeL": 0.3963608604131275,
    "rougeLsum": 0.4215378447377229
  },
  "closed_qa": {
    "rouge1": 0.30625638353195883,
    "rouge2": 0.1645239499371487,
    "rougeL": 0.264825996614551,
    "rougeLsum": 0.26837036473226555
  },
  "creative_writing": {
    "rouge1": 0.20905374238969915,
    "rouge2": 0.04000760965564153,
    "rougeL": 0.12916777868386575,
    "rougeLsum": 0.14913167064787242
  },
  "general_qa": {
    "rouge1": 0.24439670583086479,
    "rouge2": 0.062382744970520335,
    "rougeL": 0.1675528249532539,
    "rougeLsum": 0.17555872163957492
  },
  "information_extraction": {
    "rouge1": 0.27820253989524696,
    "rouge2": 0.15873310602403548,
    "rougeL": 0.2422452555470705,
    "rougeLsum": 0.24802523707025365
  },
  "open_qa": {
    "rouge1": 0.251006983949991,
    "rouge2": 0.10077466264177012,
    "rougeL": 0.20101022300514088,
    "rougeLsum": 0.20540287996037732
  },
  "summarization": {
    "rouge1": 0.34248279874535126,
    "rouge2": 0.19002700115642662,
    "rougeL": 0.28286333856602497,
    "rougeLsum": 0.2931744205277427
  },
  "overall": {
    "avg_rouge1": 0.2896871895368237,
    "avg_rouge2": 0.11980536022703761,
    "avg_rougeL": 0.22790188290027807,
    "avg_rougeLsum": 0.2409171928425853
  }
}