{
  "brainstorming": {
    "rouge1": 0.1978486215095814,
    "rouge2": 0.05043911647448176,
    "rougeL": 0.14086834534503,
    "rougeLsum": 0.17196629844082273
  },
  "classification": {
    "rouge1": 0.43049598814182843,
    "rouge2": 0.1615904129898942,
    "rougeL": 0.3461854225198236,
    "rougeLsum": 0.37194774139945963
  },
  "closed_qa": {
    "rouge1": 0.29216087955772857,
    "rouge2": 0.14590654592225824,
    "rougeL": 0.24446134056102828,
    "rougeLsum": 0.2519731863947019
  },
  "creative_writing": {
    "rouge1": 0.2157700556517829,
    "rouge2": 0.04112082351942316,
    "rougeL": 0.13061840302172412,
    "rougeLsum": 0.15315463017064818
  },
  "general_qa": {
    "rouge1": 0.24317341412813778,
    "rouge2": 0.06281470291355583,
    "rougeL": 0.16167680972443566,
    "rougeLsum": 0.1731668606787852
  },
  "information_extraction": {
    "rouge1": 0.2665013171396611,
    "rouge2": 0.14313340837660904,
    "rougeL": 0.23074392118588488,
    "rougeLsum": 0.2341406689990042
  },
  "open_qa": {
    "rouge1": 0.2607211470100356,
    "rouge2": 0.10461736325726531,
    "rougeL": 0.20393504349440644,
    "rougeLsum": 0.21005388391259913
  },
  "summarization": {
    "rouge1": 0.3174685381811425,
    "rouge2": 0.15689030273267013,
    "rougeL": 0.25582154453326944,
    "rougeLsum": 0.26583222430240994
  },
  "overall": {
    "avg_rouge1": 0.2780174951649873,
    "avg_rouge2": 0.10831408452326971,
    "avg_rougeL": 0.21428885379820029,
    "avg_rougeLsum": 0.22902943678730386
  }
}