{
  "brainstorming": {
    "rouge1": 0.18404372153834217,
    "rouge2": 0.04681181627797874,
    "rougeL": 0.12698510806235652,
    "rougeLsum": 0.15208974002357392
  },
  "classification": {
    "rouge1": 0.3085453729109319,
    "rouge2": 0.11178100180971667,
    "rougeL": 0.23172254839995035,
    "rougeLsum": 0.25779155126016917
  },
  "closed_qa": {
    "rouge1": 0.26524748023525935,
    "rouge2": 0.13217327984943716,
    "rougeL": 0.22172967869400872,
    "rougeLsum": 0.22690350913197313
  },
  "creative_writing": {
    "rouge1": 0.23297666310998055,
    "rouge2": 0.04072726242331471,
    "rougeL": 0.13346498087830896,
    "rougeLsum": 0.1594017096310469
  },
  "general_qa": {
    "rouge1": 0.2650406414989846,
    "rouge2": 0.06351614708609346,
    "rougeL": 0.16772564996393124,
    "rougeLsum": 0.18001157436587528
  },
  "information_extraction": {
    "rouge1": 0.24800553543766096,
    "rouge2": 0.1182494989042692,
    "rougeL": 0.20326407746328962,
    "rougeLsum": 0.21183531658490407
  },
  "open_qa": {
    "rouge1": 0.2459351084910158,
    "rouge2": 0.08557282944737085,
    "rougeL": 0.18266048234144616,
    "rougeLsum": 0.18854620923838702
  },
  "summarization": {
    "rouge1": 0.305708404556438,
    "rouge2": 0.14625125524678162,
    "rougeL": 0.2396248451291056,
    "rougeLsum": 0.253072555683954
  },
  "overall": {
    "avg_rouge1": 0.25693786597232665,
    "avg_rouge2": 0.0931353863806203,
    "avg_rougeL": 0.18839717136654965,
    "avg_rougeLsum": 0.2037065207399854
  }
}