{
  "brainstorming": {
    "rouge1": 0.1920492403621634,
    "rouge2": 0.049786214622105765,
    "rougeL": 0.13402385659342403,
    "rougeLsum": 0.1582149969297349
  },
  "classification": {
    "rouge1": 0.31957539210991837,
    "rouge2": 0.1122519130685099,
    "rougeL": 0.2413417454007621,
    "rougeLsum": 0.2657674330232268
  },
  "closed_qa": {
    "rouge1": 0.2627580220628746,
    "rouge2": 0.12419405911040837,
    "rougeL": 0.22118532501874355,
    "rougeLsum": 0.2274851016058893
  },
  "creative_writing": {
    "rouge1": 0.23871099303715143,
    "rouge2": 0.04365551956557982,
    "rougeL": 0.13690160569351448,
    "rougeLsum": 0.16476612701698506
  },
  "general_qa": {
    "rouge1": 0.2666939995135649,
    "rouge2": 0.06711153078753856,
    "rougeL": 0.17101291125797863,
    "rougeLsum": 0.18278348652383075
  },
  "information_extraction": {
    "rouge1": 0.2502328623019756,
    "rouge2": 0.1224997159516222,
    "rougeL": 0.20821628101551864,
    "rougeLsum": 0.21595582094882515
  },
  "open_qa": {
    "rouge1": 0.25093539274852245,
    "rouge2": 0.09118359408709573,
    "rougeL": 0.18695799748683836,
    "rougeLsum": 0.19204752302789174
  },
  "summarization": {
    "rouge1": 0.29399058678563167,
    "rouge2": 0.12909609972983954,
    "rougeL": 0.2303457216438679,
    "rougeLsum": 0.24206488792894404
  },
  "overall": {
    "avg_rouge1": 0.2593683111152253,
    "avg_rouge2": 0.09247233086533749,
    "avg_rougeL": 0.19124818051383097,
    "avg_rougeLsum": 0.20613567212566594
  }
}