{
  "brainstorming": {
    "rouge1": 0.1919389428841961,
    "rouge2": 0.05005931710564517,
    "rougeL": 0.13344723455503102,
    "rougeLsum": 0.15822915142089455
  },
  "classification": {
    "rouge1": 0.3206238829288338,
    "rouge2": 0.11244352094185533,
    "rougeL": 0.2425139433507179,
    "rougeLsum": 0.2658742774030156
  },
  "closed_qa": {
    "rouge1": 0.2624936846224625,
    "rouge2": 0.12373593749666095,
    "rougeL": 0.22043644900924483,
    "rougeLsum": 0.2274747072348587
  },
  "creative_writing": {
    "rouge1": 0.23839804639511614,
    "rouge2": 0.04382802436160646,
    "rougeL": 0.13690890152868257,
    "rougeLsum": 0.16518838375745287
  },
  "general_qa": {
    "rouge1": 0.26692265181797975,
    "rouge2": 0.06744133389264742,
    "rougeL": 0.17146959960390415,
    "rougeLsum": 0.18227077932048458
  },
  "information_extraction": {
    "rouge1": 0.2503394272715197,
    "rouge2": 0.12123930313732373,
    "rougeL": 0.2084829705852417,
    "rougeLsum": 0.21575751276088734
  },
  "open_qa": {
    "rouge1": 0.25107686004268476,
    "rouge2": 0.09073423920480655,
    "rougeL": 0.18566016140709235,
    "rougeLsum": 0.19264061575613223
  },
  "summarization": {
    "rouge1": 0.2945005280528107,
    "rouge2": 0.1294051539586359,
    "rougeL": 0.23158743849692415,
    "rougeLsum": 0.24194946250737198
  },
  "overall": {
    "avg_rouge1": 0.25953675300195045,
    "avg_rouge2": 0.09236085376239767,
    "avg_rougeL": 0.19131333731710484,
    "avg_rougeLsum": 0.2061731112701372
  }
}