{
  "brainstorming": {
    "rouge1": 0.19210207845781824,
    "rouge2": 0.055233978888594604,
    "rougeL": 0.14037633282298856,
    "rougeLsum": 0.1654601752079935
  },
  "classification": {
    "rouge1": 0.42313402464903194,
    "rouge2": 0.13834332356791257,
    "rougeL": 0.35281849068500504,
    "rougeLsum": 0.3743734630345761
  },
  "closed_qa": {
    "rouge1": 0.33421235493164003,
    "rouge2": 0.18017855347873507,
    "rougeL": 0.2967721508586143,
    "rougeLsum": 0.3007879658240884
  },
  "creative_writing": {
    "rouge1": 0.206398286679498,
    "rouge2": 0.03696130239790997,
    "rougeL": 0.12396569895408907,
    "rougeLsum": 0.1465758673216699
  },
  "general_qa": {
    "rouge1": 0.2377668418990096,
    "rouge2": 0.060814158216891095,
    "rougeL": 0.16216968915872118,
    "rougeLsum": 0.1710815764409232
  },
  "information_extraction": {
    "rouge1": 0.28637446758280427,
    "rouge2": 0.1631601165601269,
    "rougeL": 0.24805879291569966,
    "rougeLsum": 0.2562095526479929
  },
  "open_qa": {
    "rouge1": 0.241374117644382,
    "rouge2": 0.09309659605532303,
    "rougeL": 0.19374534400307492,
    "rougeLsum": 0.19690413295725023
  },
  "summarization": {
    "rouge1": 0.3329794845455513,
    "rouge2": 0.19303414274519332,
    "rougeL": 0.2821993946031284,
    "rougeLsum": 0.2912067463983714
  },
  "overall": {
    "avg_rouge1": 0.2817927070487169,
    "avg_rouge2": 0.11510277148883583,
    "avg_rougeL": 0.22501323675016516,
    "avg_rougeLsum": 0.2378249349791082
  }
}