{
  "brainstorming": {
    "rouge1": 0.19735169189301863,
    "rouge2": 0.05038865921066573,
    "rougeL": 0.1412715259972116,
    "rougeLsum": 0.17199944284207044
  },
  "classification": {
    "rouge1": 0.42964747992941704,
    "rouge2": 0.16054943516240988,
    "rougeL": 0.34496526638744174,
    "rougeLsum": 0.3730223731362538
  },
  "closed_qa": {
    "rouge1": 0.29235450180745925,
    "rouge2": 0.14799706921737818,
    "rougeL": 0.24592738099254757,
    "rougeLsum": 0.2509034288253694
  },
  "creative_writing": {
    "rouge1": 0.21526682662819702,
    "rouge2": 0.041412189702994234,
    "rougeL": 0.13052254546702513,
    "rougeLsum": 0.15340665580527912
  },
  "general_qa": {
    "rouge1": 0.24343673634282836,
    "rouge2": 0.06253166934016835,
    "rougeL": 0.16194532857978894,
    "rougeLsum": 0.17313145406858316
  },
  "information_extraction": {
    "rouge1": 0.2663884798627103,
    "rouge2": 0.1443247317544285,
    "rougeL": 0.23042079953762273,
    "rougeLsum": 0.23353185188134112
  },
  "open_qa": {
    "rouge1": 0.261517774677996,
    "rouge2": 0.10447128627190956,
    "rougeL": 0.20406630768967152,
    "rougeLsum": 0.21014255463344864
  },
  "summarization": {
    "rouge1": 0.31633181492140455,
    "rouge2": 0.15654464879815594,
    "rougeL": 0.25494243340183814,
    "rougeLsum": 0.26627566104995026
  },
  "overall": {
    "avg_rouge1": 0.2777869132578789,
    "avg_rouge2": 0.1085274611822638,
    "avg_rougeL": 0.21425769850664345,
    "avg_rougeLsum": 0.229051677780287
  }
}