{
  "brainstorming": {
    "rouge1": 0.1870922383323252,
    "rouge2": 0.0511513652809083,
    "rougeL": 0.13723174170543134,
    "rougeLsum": 0.1608457811818401
  },
  "classification": {
    "rouge1": 0.4022443412320803,
    "rouge2": 0.15267825355206688,
    "rougeL": 0.3118539653050133,
    "rougeLsum": 0.3362455351535277
  },
  "closed_qa": {
    "rouge1": 0.3136519011638109,
    "rouge2": 0.17351053128411495,
    "rougeL": 0.27102129136317066,
    "rougeLsum": 0.2757289951666657
  },
  "creative_writing": {
    "rouge1": 0.2242650830301469,
    "rouge2": 0.042101831362053393,
    "rougeL": 0.13547692856084514,
    "rougeLsum": 0.1582320543898597
  },
  "general_qa": {
    "rouge1": 0.25317840484827997,
    "rouge2": 0.06470514761023016,
    "rougeL": 0.16743244389352396,
    "rougeLsum": 0.1765854674796556
  },
  "information_extraction": {
    "rouge1": 0.3055335402093764,
    "rouge2": 0.18585479732589727,
    "rougeL": 0.2655981720334305,
    "rougeLsum": 0.2704485532853671
  },
  "open_qa": {
    "rouge1": 0.26313970721260754,
    "rouge2": 0.10557229931608272,
    "rougeL": 0.20457204330868348,
    "rougeLsum": 0.2097650538123168
  },
  "summarization": {
    "rouge1": 0.3933297725355483,
    "rouge2": 0.24145459186900078,
    "rougeL": 0.3285650411271435,
    "rougeLsum": 0.3434052434232478
  },
  "overall": {
    "avg_rouge1": 0.2928043735705219,
    "avg_rouge2": 0.1271286022000443,
    "avg_rougeL": 0.22771895341215523,
    "avg_rougeLsum": 0.24140708548656006
  }
}