{
  "brainstorming": {
    "rouge1": 0.18835653077707215,
    "rouge2": 0.051483874618329845,
    "rougeL": 0.13691949420970545,
    "rougeLsum": 0.16112584146265613
  },
  "classification": {
    "rouge1": 0.40179007560890867,
    "rouge2": 0.15282353922543435,
    "rougeL": 0.31359357380255753,
    "rougeLsum": 0.3372349375493419
  },
  "closed_qa": {
    "rouge1": 0.314612871188777,
    "rouge2": 0.1748537410718101,
    "rougeL": 0.27070113966745313,
    "rougeLsum": 0.2756157121322033
  },
  "creative_writing": {
    "rouge1": 0.2247569111155599,
    "rouge2": 0.042355637678560695,
    "rougeL": 0.13548267451026758,
    "rougeLsum": 0.15800926707038992
  },
  "general_qa": {
    "rouge1": 0.2538372741743336,
    "rouge2": 0.06472322678058326,
    "rougeL": 0.1674459504939833,
    "rougeLsum": 0.17708900535328026
  },
  "information_extraction": {
    "rouge1": 0.30553873361952066,
    "rouge2": 0.18536849627042565,
    "rougeL": 0.2654648620684958,
    "rougeLsum": 0.27173804589303135
  },
  "open_qa": {
    "rouge1": 0.26341083941452115,
    "rouge2": 0.10620446770275574,
    "rougeL": 0.20420344566325682,
    "rougeLsum": 0.21088545329476746
  },
  "summarization": {
    "rouge1": 0.3940119111550482,
    "rouge2": 0.2398278925642977,
    "rougeL": 0.32911627580504144,
    "rougeLsum": 0.34173051008372124
  },
  "overall": {
    "avg_rouge1": 0.29328939338171767,
    "avg_rouge2": 0.12720510948902466,
    "avg_rougeL": 0.22786592702759514,
    "avg_rougeLsum": 0.24167859660492397
  }
}