{
  "brainstorming": {
    "rouge1": 0.18409447103210635,
    "rouge2": 0.04678989480805826,
    "rougeL": 0.12749448386310064,
    "rougeLsum": 0.15265497930440294
  },
  "classification": {
    "rouge1": 0.3096056573523941,
    "rouge2": 0.11267657199574296,
    "rougeL": 0.23230846501973962,
    "rougeLsum": 0.2579188939734645
  },
  "closed_qa": {
    "rouge1": 0.2659031654590013,
    "rouge2": 0.13231772667577835,
    "rougeL": 0.22016213507221633,
    "rougeLsum": 0.22616944199055428
  },
  "creative_writing": {
    "rouge1": 0.23281637897912588,
    "rouge2": 0.04085494945472584,
    "rougeL": 0.1336380151276861,
    "rougeLsum": 0.1594742484903827
  },
  "general_qa": {
    "rouge1": 0.26449028051777573,
    "rouge2": 0.06335932518249565,
    "rougeL": 0.16794818897173128,
    "rougeLsum": 0.1801765415201671
  },
  "information_extraction": {
    "rouge1": 0.2486694334593037,
    "rouge2": 0.11835951045083677,
    "rougeL": 0.2035312975116379,
    "rougeLsum": 0.21146947010988332
  },
  "open_qa": {
    "rouge1": 0.24811649184535559,
    "rouge2": 0.085225763309077,
    "rougeL": 0.18290812404453632,
    "rougeLsum": 0.18821227039852484
  },
  "summarization": {
    "rouge1": 0.30636729888861747,
    "rouge2": 0.1458522440599253,
    "rougeL": 0.24021319736279662,
    "rougeLsum": 0.2533885563095202
  },
  "overall": {
    "avg_rouge1": 0.25750789719170997,
    "avg_rouge2": 0.09317949824208002,
    "avg_rougeL": 0.1885254883716806,
    "avg_rougeLsum": 0.2036830502621125
  }
}