{
  "overall_pred_avg": 35.53333333333333,
  "overall_prop_avg": 44.76666666666667,
  "overall_ratio": 1.25984990619137,
  "categories": {
    "brainstorming": {
      "num_samples": 200,
      "avg_prediction_score": 38.96666666666666,
      "avg_proposed_score": 43.16666666666666,
      "ratio": 1.1077844311377245
    },
    "classification": {
      "num_samples": 200,
      "avg_prediction_score": 24.033333333333335,
      "avg_proposed_score": 26.3,
      "ratio": 1.0943134535367545
    },
    "closed_qa": {
      "num_samples": 200,
      "avg_prediction_score": 41.43333333333333,
      "avg_proposed_score": 54.03333333333334,
      "ratio": 1.3041029766693486
    },
    "creative_writing": {
      "num_samples": 200,
      "avg_prediction_score": 38.599999999999994,
      "avg_proposed_score": 45.86666666666666,
      "ratio": 1.1882556131260795
    },
    "general_qa": {
      "num_samples": 200,
      "avg_prediction_score": 43.66666666666667,
      "avg_proposed_score": 48.900000000000006,
      "ratio": 1.119847328244275
    },
    "information_extraction": {
      "num_samples": 200,
      "avg_prediction_score": 29.4,
      "avg_proposed_score": 52.43333333333333,
      "ratio": 1.7834467120181405
    },
    "open_qa": {
      "num_samples": 200,
      "avg_prediction_score": 33.43333333333334,
      "avg_proposed_score": 40.16666666666667,
      "ratio": 1.201395812562313
    },
    "summarization": {
      "num_samples": 200,
      "avg_prediction_score": 34.73333333333333,
      "avg_proposed_score": 47.26666666666667,
      "ratio": 1.3608445297504803
    }
  },
  "votes_per_sample": 3,
  "num_samples": 1600,
  "eval_failures": 0,
  "total_in_files": 1600,
  "batched_evaluation": true,
  "batch_size": 20,
  "retry_attempts": 0
}