{
  "overall_pred_avg": 57.7375,
  "overall_prop_avg": 71.52083333333333,
  "overall_ratio": 1.2387241105578408,
  "categories": {
    "brainstorming": {
      "num_samples": 200,
      "avg_prediction_score": 62.2,
      "avg_proposed_score": 66.66666666666667,
      "ratio": 1.0718113612004287
    },
    "classification": {
      "num_samples": 200,
      "avg_prediction_score": 44.16666666666667,
      "avg_proposed_score": 55.86666666666667,
      "ratio": 1.2649056603773583
    },
    "closed_qa": {
      "num_samples": 200,
      "avg_prediction_score": 63.86666666666666,
      "avg_proposed_score": 79.73333333333333,
      "ratio": 1.2484342379958249
    },
    "creative_writing": {
      "num_samples": 200,
      "avg_prediction_score": 58.23333333333334,
      "avg_proposed_score": 72.26666666666667,
      "ratio": 1.2409845449341728
    },
    "general_qa": {
      "num_samples": 200,
      "avg_prediction_score": 61.86666666666666,
      "avg_proposed_score": 72.16666666666667,
      "ratio": 1.1664870689655173
    },
    "information_extraction": {
      "num_samples": 200,
      "avg_prediction_score": 53.00000000000001,
      "avg_proposed_score": 78.99999999999999,
      "ratio": 1.4905660377358485
    },
    "open_qa": {
      "num_samples": 200,
      "avg_prediction_score": 59.20000000000001,
      "avg_proposed_score": 68.43333333333334,
      "ratio": 1.1559684684684683
    },
    "summarization": {
      "num_samples": 200,
      "avg_prediction_score": 59.36666666666668,
      "avg_proposed_score": 78.03333333333333,
      "ratio": 1.314430095451993
    }
  },
  "votes_per_sample": 3,
  "num_samples": 1600,
  "eval_failures": 0,
  "total_in_files": 1600,
  "batched_evaluation": true,
  "batch_size": 20,
  "retry_attempts": 5
}