{
  "overall_pred_avg": 59.95833333333333,
  "overall_prop_avg": 71.58333333333334,
  "overall_ratio": 1.1938846421125784,
  "categories": {
    "brainstorming": {
      "num_samples": 200,
      "avg_prediction_score": 58.29999999999999,
      "avg_proposed_score": 66.3,
      "ratio": 1.1372212692967412
    },
    "classification": {
      "num_samples": 200,
      "avg_prediction_score": 40.23333333333333,
      "avg_proposed_score": 57.76666666666667,
      "ratio": 1.4357912178956094
    },
    "closed_qa": {
      "num_samples": 200,
      "avg_prediction_score": 69.9,
      "avg_proposed_score": 79.89999999999999,
      "ratio": 1.143061516452074
    },
    "creative_writing": {
      "num_samples": 200,
      "avg_prediction_score": 56.63333333333333,
      "avg_proposed_score": 72.63333333333334,
      "ratio": 1.2825191288993527
    },
    "general_qa": {
      "num_samples": 200,
      "avg_prediction_score": 60.73333333333334,
      "avg_proposed_score": 71.2,
      "ratio": 1.1723380900109768
    },
    "information_extraction": {
      "num_samples": 200,
      "avg_prediction_score": 63.56666666666666,
      "avg_proposed_score": 79.56666666666666,
      "ratio": 1.2517042475091766
    },
    "open_qa": {
      "num_samples": 200,
      "avg_prediction_score": 59.86666666666668,
      "avg_proposed_score": 70.36666666666667,
      "ratio": 1.1753897550111356
    },
    "summarization": {
      "num_samples": 200,
      "avg_prediction_score": 70.43333333333334,
      "avg_proposed_score": 74.93333333333334,
      "ratio": 1.0638902035021296
    }
  },
  "votes_per_sample": 3,
  "num_samples": 1600,
  "eval_failures": 0,
  "total_in_files": 1600,
  "batched_evaluation": true,
  "batch_size": 20,
  "retry_attempts": 5
}