{
  "overall_pred_avg": 34.96666666666667,
  "overall_prop_avg": 46.15416666666667,
  "overall_ratio": 1.3199475691134415,
  "categories": {
    "brainstorming": {
      "num_samples": 200,
      "avg_prediction_score": 35.66666666666666,
      "avg_proposed_score": 43.4,
      "ratio": 1.2168224299065424
    },
    "classification": {
      "num_samples": 200,
      "avg_prediction_score": 21.3,
      "avg_proposed_score": 25.500000000000004,
      "ratio": 1.1971830985915495
    },
    "closed_qa": {
      "num_samples": 200,
      "avg_prediction_score": 46.76666666666667,
      "avg_proposed_score": 58.5,
      "ratio": 1.2508909479686385
    },
    "creative_writing": {
      "num_samples": 200,
      "avg_prediction_score": 39.666666666666664,
      "avg_proposed_score": 41.76666666666667,
      "ratio": 1.0529411764705885
    },
    "general_qa": {
      "num_samples": 200,
      "avg_prediction_score": 39.8,
      "avg_proposed_score": 50.16666666666666,
      "ratio": 1.260469011725293
    },
    "information_extraction": {
      "num_samples": 200,
      "avg_prediction_score": 29.700000000000003,
      "avg_proposed_score": 55.0,
      "ratio": 1.8518518518518516
    },
    "open_qa": {
      "num_samples": 200,
      "avg_prediction_score": 29.8,
      "avg_proposed_score": 42.9,
      "ratio": 1.4395973154362416
    },
    "summarization": {
      "num_samples": 200,
      "avg_prediction_score": 37.03333333333333,
      "avg_proposed_score": 52.00000000000001,
      "ratio": 1.4041404140414044
    }
  },
  "votes_per_sample": 3,
  "num_samples": 1600,
  "eval_failures": 0,
  "total_in_files": 1600,
  "batched_evaluation": true,
  "batch_size": 20,
  "retry_attempts": 0
}