{
  "overall_pred_avg": 56.65,
  "overall_prop_avg": 71.13333333333333,
  "overall_ratio": 1.255663430420712,
  "categories": {
    "brainstorming": {
      "num_samples": 200,
      "avg_prediction_score": 57.56666666666667,
      "avg_proposed_score": 72.13333333333333,
      "ratio": 1.2530399536768961
    },
    "classification": {
      "num_samples": 200,
      "avg_prediction_score": 42.6,
      "avg_proposed_score": 55.83333333333334,
      "ratio": 1.3106416275430361
    },
    "closed_qa": {
      "num_samples": 200,
      "avg_prediction_score": 67.7,
      "avg_proposed_score": 80.66666666666666,
      "ratio": 1.1915312653865089
    },
    "creative_writing": {
      "num_samples": 200,
      "avg_prediction_score": 54.36666666666666,
      "avg_proposed_score": 72.73333333333332,
      "ratio": 1.337829552421827
    },
    "general_qa": {
      "num_samples": 200,
      "avg_prediction_score": 61.6,
      "avg_proposed_score": 70.33333333333334,
      "ratio": 1.141774891774892
    },
    "information_extraction": {
      "num_samples": 200,
      "avg_prediction_score": 53.29999999999999,
      "avg_proposed_score": 75.96666666666665,
      "ratio": 1.4252657911194497
    },
    "open_qa": {
      "num_samples": 200,
      "avg_prediction_score": 56.73333333333334,
      "avg_proposed_score": 67.8,
      "ratio": 1.1950646298472383
    },
    "summarization": {
      "num_samples": 200,
      "avg_prediction_score": 59.33333333333333,
      "avg_proposed_score": 73.60000000000001,
      "ratio": 1.2404494382022475
    }
  },
  "votes_per_sample": 3,
  "num_samples": 1600,
  "eval_failures": 0,
  "total_in_files": 1600,
  "batched_evaluation": true,
  "batch_size": 20,
  "retry_attempts": 6
}