{
  "overall_pred_avg": 55.70416666666667,
  "overall_prop_avg": 72.05416666666666,
  "overall_ratio": 1.2935148477821825,
  "categories": {
    "brainstorming": {
      "num_samples": 200,
      "avg_prediction_score": 52.76666666666668,
      "avg_proposed_score": 69.46666666666665,
      "ratio": 1.316487681617182
    },
    "classification": {
      "num_samples": 200,
      "avg_prediction_score": 37.86666666666667,
      "avg_proposed_score": 55.26666666666667,
      "ratio": 1.4595070422535212
    },
    "closed_qa": {
      "num_samples": 200,
      "avg_prediction_score": 70.4,
      "avg_proposed_score": 80.0,
      "ratio": 1.1363636363636362
    },
    "creative_writing": {
      "num_samples": 200,
      "avg_prediction_score": 54.36666666666666,
      "avg_proposed_score": 72.7,
      "ratio": 1.3372164316370327
    },
    "general_qa": {
      "num_samples": 200,
      "avg_prediction_score": 59.86666666666667,
      "avg_proposed_score": 74.26666666666667,
      "ratio": 1.2405345211581291
    },
    "information_extraction": {
      "num_samples": 200,
      "avg_prediction_score": 53.96666666666667,
      "avg_proposed_score": 79.06666666666666,
      "ratio": 1.4651019147621989
    },
    "open_qa": {
      "num_samples": 200,
      "avg_prediction_score": 54.16666666666667,
      "avg_proposed_score": 71.23333333333333,
      "ratio": 1.315076923076923
    },
    "summarization": {
      "num_samples": 200,
      "avg_prediction_score": 62.23333333333333,
      "avg_proposed_score": 74.43333333333334,
      "ratio": 1.1960364220674882
    }
  },
  "votes_per_sample": 3,
  "num_samples": 1600,
  "eval_failures": 0,
  "total_in_files": 1600,
  "batched_evaluation": true,
  "batch_size": 20,
  "retry_attempts": 10
}