{
  "overall_pred_avg": 57.33333333333333,
  "overall_prop_avg": 71.28333333333333,
  "overall_ratio": 1.2433139534883721,
  "categories": {
    "brainstorming": {
      "num_samples": 200,
      "avg_prediction_score": 55.56666666666666,
      "avg_proposed_score": 67.0,
      "ratio": 1.205758848230354
    },
    "classification": {
      "num_samples": 200,
      "avg_prediction_score": 37.93333333333333,
      "avg_proposed_score": 58.13333333333333,
      "ratio": 1.5325131810193322
    },
    "closed_qa": {
      "num_samples": 200,
      "avg_prediction_score": 73.13333333333333,
      "avg_proposed_score": 79.59999999999998,
      "ratio": 1.088422971741112
    },
    "creative_writing": {
      "num_samples": 200,
      "avg_prediction_score": 57.4,
      "avg_proposed_score": 71.33333333333334,
      "ratio": 1.24274099883856
    },
    "general_qa": {
      "num_samples": 200,
      "avg_prediction_score": 60.76666666666667,
      "avg_proposed_score": 70.83333333333333,
      "ratio": 1.1656609983543607
    },
    "information_extraction": {
      "num_samples": 200,
      "avg_prediction_score": 56.1,
      "avg_proposed_score": 77.63333333333334,
      "ratio": 1.3838383838383839
    },
    "open_qa": {
      "num_samples": 200,
      "avg_prediction_score": 53.96666666666666,
      "avg_proposed_score": 70.30000000000001,
      "ratio": 1.3026559604694259
    },
    "summarization": {
      "num_samples": 200,
      "avg_prediction_score": 63.8,
      "avg_proposed_score": 75.43333333333334,
      "ratio": 1.1823406478578893
    }
  },
  "votes_per_sample": 3,
  "num_samples": 1600,
  "eval_failures": 0,
  "total_in_files": 1600,
  "batched_evaluation": true,
  "batch_size": 20,
  "retry_attempts": 4
}