{
  "overall_pred_avg": 56.70416666666667,
  "overall_prop_avg": 72.8125,
  "overall_ratio": 1.2840767139393048,
  "categories": {
    "brainstorming": {
      "num_samples": 200,
      "avg_prediction_score": 60.36666666666666,
      "avg_proposed_score": 68.66666666666667,
      "ratio": 1.1374930977360576
    },
    "classification": {
      "num_samples": 200,
      "avg_prediction_score": 39.30000000000001,
      "avg_proposed_score": 61.43333333333333,
      "ratio": 1.5631891433418146
    },
    "closed_qa": {
      "num_samples": 200,
      "avg_prediction_score": 65.0,
      "avg_proposed_score": 79.46666666666665,
      "ratio": 1.2225641025641023
    },
    "creative_writing": {
      "num_samples": 200,
      "avg_prediction_score": 56.66666666666667,
      "avg_proposed_score": 71.66666666666667,
      "ratio": 1.2647058823529411
    },
    "general_qa": {
      "num_samples": 200,
      "avg_prediction_score": 61.80000000000001,
      "avg_proposed_score": 74.33333333333333,
      "ratio": 1.2028047464940665
    },
    "information_extraction": {
      "num_samples": 200,
      "avg_prediction_score": 55.3,
      "avg_proposed_score": 78.5,
      "ratio": 1.4195298372513563
    },
    "open_qa": {
      "num_samples": 200,
      "avg_prediction_score": 55.26666666666667,
      "avg_proposed_score": 70.56666666666666,
      "ratio": 1.2768395657418574
    },
    "summarization": {
      "num_samples": 200,
      "avg_prediction_score": 59.93333333333333,
      "avg_proposed_score": 77.86666666666666,
      "ratio": 1.2992213570634037
    }
  },
  "votes_per_sample": 3,
  "num_samples": 1600,
  "eval_failures": 0,
  "total_in_files": 1600,
  "batched_evaluation": true,
  "batch_size": 20,
  "retry_attempts": 8
}