{
  "overall_pred_avg": 33.52916666666667,
  "overall_prop_avg": 43.925,
  "overall_ratio": 1.3100534360631289,
  "categories": {
    "brainstorming": {
      "num_samples": 200,
      "avg_prediction_score": 39.033333333333324,
      "avg_proposed_score": 40.13333333333333,
      "ratio": 1.0281810418445776
    },
    "classification": {
      "num_samples": 200,
      "avg_prediction_score": 18.766666666666666,
      "avg_proposed_score": 27.166666666666664,
      "ratio": 1.447602131438721
    },
    "closed_qa": {
      "num_samples": 200,
      "avg_prediction_score": 37.73333333333333,
      "avg_proposed_score": 56.16666666666666,
      "ratio": 1.4885159010600706
    },
    "creative_writing": {
      "num_samples": 200,
      "avg_prediction_score": 39.0,
      "avg_proposed_score": 43.3,
      "ratio": 1.11025641025641
    },
    "general_qa": {
      "num_samples": 200,
      "avg_prediction_score": 43.9,
      "avg_proposed_score": 44.86666666666667,
      "ratio": 1.0220197418375094
    },
    "information_extraction": {
      "num_samples": 200,
      "avg_prediction_score": 24.433333333333334,
      "avg_proposed_score": 55.63333333333333,
      "ratio": 2.276944065484311
    },
    "open_qa": {
      "num_samples": 200,
      "avg_prediction_score": 38.300000000000004,
      "avg_proposed_score": 37.1,
      "ratio": 0.9686684073107049
    },
    "summarization": {
      "num_samples": 200,
      "avg_prediction_score": 27.066666666666666,
      "avg_proposed_score": 47.03333333333333,
      "ratio": 1.7376847290640394
    }
  },
  "votes_per_sample": 3,
  "num_samples": 1600,
  "eval_failures": 0,
  "total_in_files": 1600,
  "batched_evaluation": true,
  "batch_size": 20,
  "retry_attempts": 0
}