{
  "overall_pred_avg": 34.1125,
  "overall_prop_avg": 46.68333333333333,
  "overall_ratio": 1.3685110541101746,
  "categories": {
    "brainstorming": {
      "num_samples": 200,
      "avg_prediction_score": 39.766666666666666,
      "avg_proposed_score": 45.79999999999999,
      "ratio": 1.1517183570829839
    },
    "classification": {
      "num_samples": 200,
      "avg_prediction_score": 21.26666666666667,
      "avg_proposed_score": 28.96666666666667,
      "ratio": 1.3620689655172413
    },
    "closed_qa": {
      "num_samples": 200,
      "avg_prediction_score": 40.0,
      "avg_proposed_score": 52.6,
      "ratio": 1.315
    },
    "creative_writing": {
      "num_samples": 200,
      "avg_prediction_score": 38.93333333333334,
      "avg_proposed_score": 44.4,
      "ratio": 1.1404109589041094
    },
    "general_qa": {
      "num_samples": 200,
      "avg_prediction_score": 44.0,
      "avg_proposed_score": 56.30000000000001,
      "ratio": 1.2795454545454548
    },
    "information_extraction": {
      "num_samples": 200,
      "avg_prediction_score": 26.16666666666667,
      "avg_proposed_score": 55.43333333333333,
      "ratio": 2.118471337579617
    },
    "open_qa": {
      "num_samples": 200,
      "avg_prediction_score": 34.333333333333336,
      "avg_proposed_score": 41.63333333333333,
      "ratio": 1.2126213592233008
    },
    "summarization": {
      "num_samples": 200,
      "avg_prediction_score": 28.433333333333334,
      "avg_proposed_score": 48.33333333333334,
      "ratio": 1.6998827667057448
    }
  },
  "votes_per_sample": 3,
  "num_samples": 1600,
  "eval_failures": 0,
  "total_in_files": 1600,
  "batched_evaluation": true,
  "batch_size": 20,
  "retry_attempts": 1
}