{
  "overall_pred_avg": 33.791666666666664,
  "overall_prop_avg": 45.10416666666667,
  "overall_ratio": 1.334771886559803,
  "categories": {
    "brainstorming": {
      "num_samples": 200,
      "avg_prediction_score": 40.96666666666666,
      "avg_proposed_score": 41.80000000000001,
      "ratio": 1.0203417412530518
    },
    "classification": {
      "num_samples": 200,
      "avg_prediction_score": 19.099999999999998,
      "avg_proposed_score": 27.199999999999996,
      "ratio": 1.4240837696335078
    },
    "closed_qa": {
      "num_samples": 200,
      "avg_prediction_score": 34.1,
      "avg_proposed_score": 58.5,
      "ratio": 1.715542521994135
    },
    "creative_writing": {
      "num_samples": 200,
      "avg_prediction_score": 41.1,
      "avg_proposed_score": 38.900000000000006,
      "ratio": 0.9464720194647203
    },
    "general_qa": {
      "num_samples": 200,
      "avg_prediction_score": 46.16666666666667,
      "avg_proposed_score": 49.23333333333334,
      "ratio": 1.0664259927797834
    },
    "information_extraction": {
      "num_samples": 200,
      "avg_prediction_score": 26.43333333333333,
      "avg_proposed_score": 56.06666666666667,
      "ratio": 2.1210592686002525
    },
    "open_qa": {
      "num_samples": 200,
      "avg_prediction_score": 33.93333333333333,
      "avg_proposed_score": 38.7,
      "ratio": 1.1404715127701377
    },
    "summarization": {
      "num_samples": 200,
      "avg_prediction_score": 28.53333333333333,
      "avg_proposed_score": 50.43333333333333,
      "ratio": 1.7675233644859814
    }
  },
  "votes_per_sample": 3,
  "num_samples": 1600,
  "eval_failures": 0,
  "total_in_files": 1600,
  "batched_evaluation": true,
  "batch_size": 20,
  "retry_attempts": 0
}