{
  "overall_pred_avg": 34.16666666666667,
  "overall_prop_avg": 45.39583333333333,
  "overall_ratio": 1.3286585365853656,
  "categories": {
    "brainstorming": {
      "num_samples": 200,
      "avg_prediction_score": 39.9,
      "avg_proposed_score": 41.26666666666666,
      "ratio": 1.034252297410192
    },
    "classification": {
      "num_samples": 200,
      "avg_prediction_score": 21.6,
      "avg_proposed_score": 25.166666666666664,
      "ratio": 1.1651234567901232
    },
    "closed_qa": {
      "num_samples": 200,
      "avg_prediction_score": 38.43333333333334,
      "avg_proposed_score": 58.36666666666667,
      "ratio": 1.5186470078057241
    },
    "creative_writing": {
      "num_samples": 200,
      "avg_prediction_score": 39.7,
      "avg_proposed_score": 43.53333333333334,
      "ratio": 1.096557514693535
    },
    "general_qa": {
      "num_samples": 200,
      "avg_prediction_score": 40.333333333333336,
      "avg_proposed_score": 47.66666666666667,
      "ratio": 1.1818181818181819
    },
    "information_extraction": {
      "num_samples": 200,
      "avg_prediction_score": 26.66666666666667,
      "avg_proposed_score": 58.4,
      "ratio": 2.1899999999999995
    },
    "open_qa": {
      "num_samples": 200,
      "avg_prediction_score": 34.5,
      "avg_proposed_score": 38.666666666666664,
      "ratio": 1.1207729468599033
    },
    "summarization": {
      "num_samples": 200,
      "avg_prediction_score": 32.2,
      "avg_proposed_score": 50.1,
      "ratio": 1.5559006211180124
    }
  },
  "votes_per_sample": 3,
  "num_samples": 1600,
  "eval_failures": 0,
  "total_in_files": 1600,
  "batched_evaluation": true,
  "batch_size": 20,
  "retry_attempts": 2
}