{
  "brainstorming": {
    "rouge1": 0.2066083346060793,
    "rouge2": 0.05673834957095403,
    "rougeL": 0.1470515392940317,
    "rougeLsum": 0.17292606359733123
  },
  "classification": {
    "rouge1": 0.3752418887226959,
    "rouge2": 0.1371469991190053,
    "rougeL": 0.29263065540249183,
    "rougeLsum": 0.3095932205504791
  },
  "closed_qa": {
    "rouge1": 0.334980311185594,
    "rouge2": 0.17771338973112488,
    "rougeL": 0.29277372823614434,
    "rougeLsum": 0.29823350045313957
  },
  "creative_writing": {
    "rouge1": 0.2172144646960249,
    "rouge2": 0.04018285284552639,
    "rougeL": 0.1308201072566364,
    "rougeLsum": 0.15025435740493975
  },
  "general_qa": {
    "rouge1": 0.2606284096829925,
    "rouge2": 0.06692547570945745,
    "rougeL": 0.1730430389330767,
    "rougeLsum": 0.1835760503083056
  },
  "information_extraction": {
    "rouge1": 0.28984029422399193,
    "rouge2": 0.1623526357343404,
    "rougeL": 0.25459811340193383,
    "rougeLsum": 0.25767800057505175
  },
  "open_qa": {
    "rouge1": 0.266377801520408,
    "rouge2": 0.10306457972716837,
    "rougeL": 0.20739876639550858,
    "rougeLsum": 0.21299921942066272
  },
  "summarization": {
    "rouge1": 0.3326305354170771,
    "rouge2": 0.17440061361999945,
    "rougeL": 0.27341477723691343,
    "rougeLsum": 0.28460379909987527
  },
  "overall": {
    "avg_rouge1": 0.285440255006858,
    "avg_rouge2": 0.11481561200719705,
    "avg_rougeL": 0.2214663407695921,
    "avg_rougeLsum": 0.23373302642622315
  }
}