{
  "brainstorming": {
    "rouge1": 0.2067382825864691,
    "rouge2": 0.059678473996621094,
    "rougeL": 0.15105525557530836,
    "rougeLsum": 0.1772506918354937
  },
  "classification": {
    "rouge1": 0.5072795694664545,
    "rouge2": 0.1704543026661638,
    "rougeL": 0.41154675898107107,
    "rougeLsum": 0.43308483073397286
  },
  "closed_qa": {
    "rouge1": 0.3051207283174678,
    "rouge2": 0.13903575942164453,
    "rougeL": 0.28264760154994584,
    "rougeLsum": 0.28497741044849706
  },
  "creative_writing": {
    "rouge1": 0.20021332482408877,
    "rouge2": 0.03783057925794189,
    "rougeL": 0.12428802539755497,
    "rougeLsum": 0.14236197550285454
  },
  "general_qa": {
    "rouge1": 0.23271111457504914,
    "rouge2": 0.059411371418907795,
    "rougeL": 0.16080623908865738,
    "rougeLsum": 0.16943295082713197
  },
  "information_extraction": {
    "rouge1": 0.35885194220469274,
    "rouge2": 0.2287564724343707,
    "rougeL": 0.32873301004019906,
    "rougeLsum": 0.3312743937550765
  },
  "open_qa": {
    "rouge1": 0.25816540728740367,
    "rouge2": 0.0964534018984517,
    "rougeL": 0.21346947616658513,
    "rougeLsum": 0.21593371911157558
  },
  "summarization": {
    "rouge1": 0.260516547759686,
    "rouge2": 0.13443692973776095,
    "rougeL": 0.22137647445840128,
    "rougeLsum": 0.22903502848244742
  },
  "overall": {
    "avg_rouge1": 0.29119961462766397,
    "avg_rouge2": 0.11575716135398281,
    "avg_rougeL": 0.2367403551572154,
    "avg_rougeLsum": 0.24791887508713117
  }
}