{
  "brainstorming": {
    "rouge1": 0.21199233431359,
    "rouge2": 0.054485252142411594,
    "rougeL": 0.1467284720587066,
    "rougeLsum": 0.1810747889826012
  },
  "classification": {
    "rouge1": 0.41598881877062754,
    "rouge2": 0.17103568750308468,
    "rougeL": 0.3257616817843285,
    "rougeLsum": 0.34653001945863315
  },
  "closed_qa": {
    "rouge1": 0.3425847147291702,
    "rouge2": 0.1841412935317392,
    "rougeL": 0.2970115113143763,
    "rougeLsum": 0.3022050398981039
  },
  "creative_writing": {
    "rouge1": 0.24253156158989916,
    "rouge2": 0.04330178818260374,
    "rougeL": 0.14196745489596752,
    "rougeLsum": 0.16859947043090734
  },
  "general_qa": {
    "rouge1": 0.2665985664266943,
    "rouge2": 0.06980172141635749,
    "rougeL": 0.17193864896658542,
    "rougeLsum": 0.18453414828496117
  },
  "information_extraction": {
    "rouge1": 0.3160280405314132,
    "rouge2": 0.18238288238353878,
    "rougeL": 0.2736811717210087,
    "rougeLsum": 0.2826554302473269
  },
  "open_qa": {
    "rouge1": 0.2674370259453278,
    "rouge2": 0.09804365730461673,
    "rougeL": 0.2031414893920522,
    "rougeLsum": 0.21270852818030295
  },
  "summarization": {
    "rouge1": 0.3439302715677934,
    "rouge2": 0.1834648867437266,
    "rougeL": 0.2817605023687896,
    "rougeLsum": 0.2946113414984325
  },
  "overall": {
    "avg_rouge1": 0.30088641673431443,
    "avg_rouge2": 0.12333214615100985,
    "avg_rougeL": 0.23024886656272686,
    "avg_rougeLsum": 0.24661484587265864
  }
}