{
  "brainstorming": {
    "rouge1": 0.1609077166939546,
    "rouge2": 0.04692670284327996,
    "rougeL": 0.12795725687032744,
    "rougeLsum": 0.14209917351285853
  },
  "classification": {
    "rouge1": 0.5855043741731134,
    "rouge2": 0.28366406387352683,
    "rougeL": 0.4665763477615795,
    "rougeLsum": 0.49500619195297846
  },
  "closed_qa": {
    "rouge1": 0.3862672955849181,
    "rouge2": 0.21710314211080267,
    "rougeL": 0.35651219823771874,
    "rougeLsum": 0.35780433479139756
  },
  "creative_writing": {
    "rouge1": 0.1595830260353991,
    "rouge2": 0.03930464408227438,
    "rougeL": 0.1115902221634627,
    "rougeLsum": 0.12285665631046923
  },
  "general_qa": {
    "rouge1": 0.1777702068098231,
    "rouge2": 0.05708937585953572,
    "rougeL": 0.13943507007343897,
    "rougeLsum": 0.14319041641610242
  },
  "information_extraction": {
    "rouge1": 0.3391800221332242,
    "rouge2": 0.2223093129368962,
    "rougeL": 0.30862888793140647,
    "rougeLsum": 0.31122117355207807
  },
  "open_qa": {
    "rouge1": 0.2553592906726186,
    "rouge2": 0.11731523119997556,
    "rougeL": 0.22509208232864064,
    "rougeLsum": 0.22825918328923606
  },
  "summarization": {
    "rouge1": 0.29760284550174143,
    "rouge2": 0.1840480484651033,
    "rougeL": 0.2632895301636457,
    "rougeLsum": 0.26979227575288134
  },
  "overall": {
    "avg_rouge1": 0.29527184720059907,
    "avg_rouge2": 0.14597006517142433,
    "avg_rougeL": 0.24988519944127754,
    "avg_rougeLsum": 0.25877867569725016
  }
}