{
  "brainstorming": {
    "rouge1": 0.18645798987944698,
    "rouge2": 0.049527505509455776,
    "rougeL": 0.1365336249505658,
    "rougeLsum": 0.15786096422103357
  },
  "classification": {
    "rouge1": 0.4308602470989648,
    "rouge2": 0.15442414980621183,
    "rougeL": 0.34936025072784094,
    "rougeLsum": 0.3769550876076927
  },
  "closed_qa": {
    "rouge1": 0.2861193617955109,
    "rouge2": 0.13773516562163451,
    "rougeL": 0.24238084201342408,
    "rougeLsum": 0.24755092794122718
  },
  "creative_writing": {
    "rouge1": 0.2089045995862157,
    "rouge2": 0.0398772641237692,
    "rougeL": 0.1271982981509046,
    "rougeLsum": 0.14898308056587578
  },
  "general_qa": {
    "rouge1": 0.23837507093136417,
    "rouge2": 0.056420836268099295,
    "rougeL": 0.1589885721657155,
    "rougeLsum": 0.16858214416652045
  },
  "information_extraction": {
    "rouge1": 0.2699801257521367,
    "rouge2": 0.14681895181931956,
    "rougeL": 0.2318460680988647,
    "rougeLsum": 0.23624217949935866
  },
  "open_qa": {
    "rouge1": 0.25070446313132405,
    "rouge2": 0.09637006503553455,
    "rougeL": 0.19620448282819516,
    "rougeLsum": 0.20217265005808366
  },
  "summarization": {
    "rouge1": 0.3109754562815413,
    "rouge2": 0.15027108448176346,
    "rougeL": 0.24659351760191364,
    "rougeLsum": 0.2584950757091501
  },
  "overall": {
    "avg_rouge1": 0.2727971643070631,
    "avg_rouge2": 0.10393062783322352,
    "avg_rougeL": 0.2111382070671781,
    "avg_rougeLsum": 0.22460526372111778
  }
}