{
  "brainstorming": {
    "rouge1": 0.2062763464319633,
    "rouge2": 0.05938776466783484,
    "rougeL": 0.1522716321678405,
    "rougeLsum": 0.177376173476676
  },
  "classification": {
    "rouge1": 0.5063986229699463,
    "rouge2": 0.17017988528612188,
    "rougeL": 0.41182142392709276,
    "rougeLsum": 0.43498957628797463
  },
  "closed_qa": {
    "rouge1": 0.3045686443668759,
    "rouge2": 0.13960077425669926,
    "rougeL": 0.2809499141370486,
    "rougeLsum": 0.28514429702365296
  },
  "creative_writing": {
    "rouge1": 0.20011170909232556,
    "rouge2": 0.038008004632886394,
    "rougeL": 0.12416339138950831,
    "rougeLsum": 0.14197780595701828
  },
  "general_qa": {
    "rouge1": 0.23299293347324473,
    "rouge2": 0.05974990223407352,
    "rougeL": 0.16097582943633354,
    "rougeLsum": 0.16907723417715156
  },
  "information_extraction": {
    "rouge1": 0.35737800430307476,
    "rouge2": 0.22815654535849006,
    "rougeL": 0.32688330006445343,
    "rougeLsum": 0.3333169655249302
  },
  "open_qa": {
    "rouge1": 0.2587199778108067,
    "rouge2": 0.0966792252231684,
    "rougeL": 0.21254585610451548,
    "rougeLsum": 0.2163622949209169
  },
  "summarization": {
    "rouge1": 0.26064654466219306,
    "rouge2": 0.1353771044600645,
    "rougeL": 0.2222553784475132,
    "rougeLsum": 0.2300554886139477
  },
  "overall": {
    "avg_rouge1": 0.2908865978888038,
    "avg_rouge2": 0.11589240076491736,
    "avg_rougeL": 0.23648334070928823,
    "avg_rougeLsum": 0.24853747949778354
  }
}