{
  "brainstorming": {
    "rouge1": 0.19435476741842933,
    "rouge2": 0.05514532031515502,
    "rougeL": 0.14253005825926868,
    "rougeLsum": 0.16750412560676675
  },
  "classification": {
    "rouge1": 0.4962597543248226,
    "rouge2": 0.16086538971026987,
    "rougeL": 0.4120977740506768,
    "rougeLsum": 0.4326416708209163
  },
  "closed_qa": {
    "rouge1": 0.33746840783458665,
    "rouge2": 0.17388307202249603,
    "rougeL": 0.3132973399234436,
    "rougeLsum": 0.31578143581213347
  },
  "creative_writing": {
    "rouge1": 0.18790297638899342,
    "rouge2": 0.03857120695553638,
    "rougeL": 0.11861434957683467,
    "rougeLsum": 0.13607132522022475
  },
  "general_qa": {
    "rouge1": 0.22063702326007834,
    "rouge2": 0.06326548619226367,
    "rougeL": 0.15719680738675346,
    "rougeLsum": 0.16578712153276443
  },
  "information_extraction": {
    "rouge1": 0.3584476996258298,
    "rouge2": 0.2398104320866876,
    "rougeL": 0.3285356425829689,
    "rougeLsum": 0.33089610945155923
  },
  "open_qa": {
    "rouge1": 0.2593763415148939,
    "rouge2": 0.10664095177216437,
    "rougeL": 0.21572006098926186,
    "rougeLsum": 0.21862680085059108
  },
  "summarization": {
    "rouge1": 0.2739070720356206,
    "rouge2": 0.15765740902550945,
    "rougeL": 0.23791946802778907,
    "rougeLsum": 0.24642595397540457
  },
  "overall": {
    "avg_rouge1": 0.2910442553004068,
    "avg_rouge2": 0.12447990851001031,
    "avg_rougeL": 0.24073893759962461,
    "avg_rougeLsum": 0.2517168179087951
  }
}