{
  "brainstorming": {
    "rouge1": 0.2124184201915138,
    "rouge2": 0.054743060778179586,
    "rougeL": 0.14626479120978114,
    "rougeLsum": 0.18151030473002272
  },
  "classification": {
    "rouge1": 0.4167746999165154,
    "rouge2": 0.16967134298931286,
    "rougeL": 0.32599726701827514,
    "rougeLsum": 0.34537088500162527
  },
  "closed_qa": {
    "rouge1": 0.3418767147102889,
    "rouge2": 0.18347234265697304,
    "rougeL": 0.2961840438615677,
    "rougeLsum": 0.30089519967038664
  },
  "creative_writing": {
    "rouge1": 0.24214099754907883,
    "rouge2": 0.043560184717091485,
    "rougeL": 0.14192261400168163,
    "rougeLsum": 0.16827641593186893
  },
  "general_qa": {
    "rouge1": 0.26634166550016924,
    "rouge2": 0.0698096563035582,
    "rougeL": 0.17176872323729037,
    "rougeLsum": 0.1847787427041468
  },
  "information_extraction": {
    "rouge1": 0.3168865097428285,
    "rouge2": 0.18301120708287513,
    "rougeL": 0.27518500209697644,
    "rougeLsum": 0.28254127029173803
  },
  "open_qa": {
    "rouge1": 0.2671259548237679,
    "rouge2": 0.09901986685587064,
    "rougeL": 0.2035085474634605,
    "rougeLsum": 0.21151498047903597
  },
  "summarization": {
    "rouge1": 0.34412153654667793,
    "rouge2": 0.18168232996382128,
    "rougeL": 0.2820174869824784,
    "rougeLsum": 0.2953107195062941
  },
  "overall": {
    "avg_rouge1": 0.30096081237260514,
    "avg_rouge2": 0.12312124891846027,
    "avg_rougeL": 0.23035605948393895,
    "avg_rougeLsum": 0.2462748147893898
  }
}