{
  "brainstorming": {
    "rouge1": 0.18702010687746198,
    "rouge2": 0.05528344518421091,
    "rougeL": 0.14280421052623776,
    "rougeLsum": 0.1638104834988398
  },
  "classification": {
    "rouge1": 0.585834081740993,
    "rouge2": 0.2609873392350079,
    "rougeL": 0.4642472264513726,
    "rougeLsum": 0.492275550464515
  },
  "closed_qa": {
    "rouge1": 0.32946475202839753,
    "rouge2": 0.16889047430337056,
    "rougeL": 0.2944243822547462,
    "rougeLsum": 0.2986940059038368
  },
  "creative_writing": {
    "rouge1": 0.1891601501969737,
    "rouge2": 0.040343154454828965,
    "rougeL": 0.12092054870982942,
    "rougeLsum": 0.13839108954528112
  },
  "general_qa": {
    "rouge1": 0.2162556965325922,
    "rouge2": 0.06496150319461412,
    "rougeL": 0.15920114386565493,
    "rougeLsum": 0.16561366028660734
  },
  "information_extraction": {
    "rouge1": 0.3068118600576335,
    "rouge2": 0.18884096733438874,
    "rougeL": 0.2756578712589373,
    "rougeLsum": 0.27851564772438636
  },
  "open_qa": {
    "rouge1": 0.26007978416544597,
    "rouge2": 0.11280094756992569,
    "rougeL": 0.2198782984612333,
    "rougeLsum": 0.2236571343365451
  },
  "summarization": {
    "rouge1": 0.32524485860758323,
    "rouge2": 0.1784818575024999,
    "rougeL": 0.27254800040815275,
    "rougeLsum": 0.28215051587135953
  },
  "overall": {
    "avg_rouge1": 0.29998391127588514,
    "avg_rouge2": 0.13382371109735586,
    "avg_rougeL": 0.2437102102420205,
    "avg_rougeLsum": 0.2553885109539214
  }
}