{
  "brainstorming": {
    "rouge1": 0.20733971383198135,
    "rouge2": 0.056923057733120896,
    "rougeL": 0.1471709812859532,
    "rougeLsum": 0.17402730979662623
  },
  "classification": {
    "rouge1": 0.3732010791042947,
    "rouge2": 0.13746352163366415,
    "rougeL": 0.2929886654485544,
    "rougeLsum": 0.31086342236794645
  },
  "closed_qa": {
    "rouge1": 0.33516470138191456,
    "rouge2": 0.17837151092598158,
    "rougeL": 0.29276299732565947,
    "rougeLsum": 0.29802265228175895
  },
  "creative_writing": {
    "rouge1": 0.21765361560638374,
    "rouge2": 0.04018807034581274,
    "rougeL": 0.1304260348839132,
    "rougeLsum": 0.15013088343517592
  },
  "general_qa": {
    "rouge1": 0.2601611601261592,
    "rouge2": 0.06691609010963817,
    "rougeL": 0.1732631838190014,
    "rougeLsum": 0.18291697692959544
  },
  "information_extraction": {
    "rouge1": 0.2908431621959739,
    "rouge2": 0.16264605227337103,
    "rougeL": 0.2544703025709101,
    "rougeLsum": 0.256828641418988
  },
  "open_qa": {
    "rouge1": 0.2659401676344564,
    "rouge2": 0.10275076931875854,
    "rougeL": 0.20795706460595165,
    "rougeLsum": 0.21214346782031301
  },
  "summarization": {
    "rouge1": 0.3306889477855831,
    "rouge2": 0.1744502604681376,
    "rougeL": 0.2742823206069512,
    "rougeLsum": 0.28500694618994005
  },
  "overall": {
    "avg_rouge1": 0.28512406845834337,
    "avg_rouge2": 0.1149636666010606,
    "avg_rougeL": 0.2216651938183618,
    "avg_rougeLsum": 0.233742537530043
  }
}