{
  "brainstorming": {
    "rouge1": 0.21266761039463072,
    "rouge2": 0.058355085979202914,
    "rougeL": 0.15210927745984004,
    "rougeLsum": 0.17930401273525806
  },
  "classification": {
    "rouge1": 0.46380395960234916,
    "rouge2": 0.17014791653779116,
    "rougeL": 0.3714816154376702,
    "rougeLsum": 0.3943779479759442
  },
  "closed_qa": {
    "rouge1": 0.36367533537253166,
    "rouge2": 0.21792737408839258,
    "rougeL": 0.3195884426071196,
    "rougeLsum": 0.32597938943313426
  },
  "creative_writing": {
    "rouge1": 0.2293153770332611,
    "rouge2": 0.044236397621900916,
    "rougeL": 0.1353532216642656,
    "rougeLsum": 0.1564380924160379
  },
  "general_qa": {
    "rouge1": 0.26158376049797083,
    "rouge2": 0.06534964164302212,
    "rougeL": 0.16971739601571922,
    "rougeLsum": 0.17898382202766983
  },
  "information_extraction": {
    "rouge1": 0.35355245063992513,
    "rouge2": 0.21975751577680325,
    "rougeL": 0.31056695827318515,
    "rougeLsum": 0.3164613234883232
  },
  "open_qa": {
    "rouge1": 0.28438716382157714,
    "rouge2": 0.11477166471189185,
    "rougeL": 0.22421414924914745,
    "rougeLsum": 0.2290885663049531
  },
  "summarization": {
    "rouge1": 0.4388492435791148,
    "rouge2": 0.29109248161481316,
    "rougeL": 0.37708990042348284,
    "rougeLsum": 0.38893708292052076
  },
  "overall": {
    "avg_rouge1": 0.3259793626176701,
    "avg_rouge2": 0.14770475974672725,
    "avg_rougeL": 0.25751512014130373,
    "avg_rougeLsum": 0.27119627966273013
  }
}