{
  "brainstorming": {
    "rouge1": 0.19465316281096,
    "rouge2": 0.054257034272830226,
    "rougeL": 0.14249517953299679,
    "rougeLsum": 0.16746421538551062
  },
  "classification": {
    "rouge1": 0.4958062541994811,
    "rouge2": 0.15958294554706784,
    "rougeL": 0.41133119720001055,
    "rougeLsum": 0.4335008943689033
  },
  "closed_qa": {
    "rouge1": 0.3369977745463362,
    "rouge2": 0.17324120362157955,
    "rougeL": 0.3134060552980835,
    "rougeLsum": 0.3155634313683464
  },
  "creative_writing": {
    "rouge1": 0.1874945827928275,
    "rouge2": 0.03866536315340087,
    "rougeL": 0.11881882376393402,
    "rougeLsum": 0.1360103243283879
  },
  "general_qa": {
    "rouge1": 0.22032343932629928,
    "rouge2": 0.06332150086100558,
    "rougeL": 0.1569654294397585,
    "rougeLsum": 0.1658134870642539
  },
  "information_extraction": {
    "rouge1": 0.356828034046093,
    "rouge2": 0.24128498771068224,
    "rougeL": 0.3297511986451015,
    "rougeLsum": 0.33051220683475724
  },
  "open_qa": {
    "rouge1": 0.25795529180452437,
    "rouge2": 0.10565131509515369,
    "rougeL": 0.21568610863576448,
    "rougeLsum": 0.21824786279279607
  },
  "summarization": {
    "rouge1": 0.2729551306755603,
    "rouge2": 0.15745270105613962,
    "rougeL": 0.2387326293458722,
    "rougeLsum": 0.2457887684696424
  },
  "overall": {
    "avg_rouge1": 0.29037670877526023,
    "avg_rouge2": 0.12418213141473244,
    "avg_rougeL": 0.2408983277326902,
    "avg_rougeLsum": 0.2516126488265747
  }
}