{
  "brainstorming": {
    "rouge1": 0.18636441012796057,
    "rouge2": 0.04942482060152029,
    "rougeL": 0.1363958965260758,
    "rougeLsum": 0.15749222045648947
  },
  "classification": {
    "rouge1": 0.4299404260708962,
    "rouge2": 0.15396074092221795,
    "rougeL": 0.34735435413983085,
    "rougeLsum": 0.3766296812217166
  },
  "closed_qa": {
    "rouge1": 0.28515110024290025,
    "rouge2": 0.13813506669858275,
    "rougeL": 0.2423785334803881,
    "rougeLsum": 0.24826010892949735
  },
  "creative_writing": {
    "rouge1": 0.20934906213915747,
    "rouge2": 0.03974076696011041,
    "rougeL": 0.12725986287304125,
    "rougeLsum": 0.1493367103042505
  },
  "general_qa": {
    "rouge1": 0.23800051493097246,
    "rouge2": 0.056187635868863745,
    "rougeL": 0.15868234162230843,
    "rougeLsum": 0.16816306124988786
  },
  "information_extraction": {
    "rouge1": 0.26954521546559884,
    "rouge2": 0.1462630575709219,
    "rougeL": 0.23322877152825147,
    "rougeLsum": 0.2367672800595722
  },
  "open_qa": {
    "rouge1": 0.25053969587628544,
    "rouge2": 0.09663791956847614,
    "rougeL": 0.19641071320777356,
    "rougeLsum": 0.20097312730756367
  },
  "summarization": {
    "rouge1": 0.3096436309343402,
    "rouge2": 0.14964531052335303,
    "rougeL": 0.24723969967931686,
    "rougeLsum": 0.25830576324780286
  },
  "overall": {
    "avg_rouge1": 0.27231675697351393,
    "avg_rouge2": 0.10374941483925579,
    "avg_rougeL": 0.2111187716321233,
    "avg_rougeLsum": 0.22449099409709755
  }
}