{
  "brainstorming": {
    "rouge1": 0.16113963089592587,
    "rouge2": 0.04729084305864795,
    "rougeL": 0.12873217835666934,
    "rougeLsum": 0.1421294806517192
  },
  "classification": {
    "rouge1": 0.5861909841983107,
    "rouge2": 0.28174340861295094,
    "rougeL": 0.4672163915861297,
    "rougeLsum": 0.49338233497803663
  },
  "closed_qa": {
    "rouge1": 0.3867265902325851,
    "rouge2": 0.2176756246450467,
    "rougeL": 0.3566538259296681,
    "rougeLsum": 0.3572005893540572
  },
  "creative_writing": {
    "rouge1": 0.15996758911759826,
    "rouge2": 0.03953901456982766,
    "rougeL": 0.11157185338268197,
    "rougeLsum": 0.1227366303465467
  },
  "general_qa": {
    "rouge1": 0.1780527798538899,
    "rouge2": 0.05625059951782041,
    "rougeL": 0.1394206751178382,
    "rougeLsum": 0.14341176868510758
  },
  "information_extraction": {
    "rouge1": 0.33761305404092257,
    "rouge2": 0.22326567290494145,
    "rougeL": 0.30956517512762094,
    "rougeLsum": 0.3099918696819469
  },
  "open_qa": {
    "rouge1": 0.25563907984827294,
    "rouge2": 0.1183014500381351,
    "rougeL": 0.22675190650542798,
    "rougeLsum": 0.22904239552556294
  },
  "summarization": {
    "rouge1": 0.2985363157343356,
    "rouge2": 0.18350627037362133,
    "rougeL": 0.2636932164513508,
    "rougeLsum": 0.27007706718893515
  },
  "overall": {
    "avg_rouge1": 0.2954832529902301,
    "avg_rouge2": 0.14594661046512394,
    "avg_rougeL": 0.2504506528071734,
    "avg_rougeLsum": 0.25849651705148907
  }
}