{
  "brainstorming": {
    "rouge1": 0.18738175137123203,
    "rouge2": 0.05552072992468271,
    "rougeL": 0.14226408426639106,
    "rougeLsum": 0.16283351474524582
  },
  "classification": {
    "rouge1": 0.5869597907667903,
    "rouge2": 0.2603093972228442,
    "rougeL": 0.4648820735639989,
    "rougeLsum": 0.4899067848821219
  },
  "closed_qa": {
    "rouge1": 0.32884842406253145,
    "rouge2": 0.16884826758464958,
    "rougeL": 0.29450458695553894,
    "rougeLsum": 0.2981839040738353
  },
  "creative_writing": {
    "rouge1": 0.1897972231074628,
    "rouge2": 0.040601549982711246,
    "rougeL": 0.12113257855963211,
    "rougeLsum": 0.1389886393016997
  },
  "general_qa": {
    "rouge1": 0.2160403321593922,
    "rouge2": 0.06476030078535328,
    "rougeL": 0.15850536695217415,
    "rougeLsum": 0.1656050127022327
  },
  "information_extraction": {
    "rouge1": 0.3073931032342208,
    "rouge2": 0.19000187838229585,
    "rougeL": 0.2762753172714801,
    "rougeLsum": 0.2791120900115569
  },
  "open_qa": {
    "rouge1": 0.259131615501908,
    "rouge2": 0.11354775200457573,
    "rougeL": 0.22030884274789347,
    "rougeLsum": 0.22338780294930258
  },
  "summarization": {
    "rouge1": 0.32538681002907405,
    "rouge2": 0.17767927092202535,
    "rougeL": 0.27281133663636953,
    "rougeLsum": 0.2828188049698793
  },
  "overall": {
    "avg_rouge1": 0.30011738127907645,
    "avg_rouge2": 0.13390864335114225,
    "avg_rougeL": 0.24383552336918476,
    "avg_rougeLsum": 0.25510456920448427
  }
}