{
  "brainstorming": {
    "rouge1": 0.21305834830165926,
    "rouge2": 0.058390321715133364,
    "rougeL": 0.15246669101673357,
    "rougeLsum": 0.17912428864432944
  },
  "classification": {
    "rouge1": 0.4631840247791741,
    "rouge2": 0.169063271222577,
    "rougeL": 0.37061960053157206,
    "rougeLsum": 0.3950975613516716
  },
  "closed_qa": {
    "rouge1": 0.3645810184604501,
    "rouge2": 0.21933101494615742,
    "rougeL": 0.3184658642895076,
    "rougeLsum": 0.3259924887960205
  },
  "creative_writing": {
    "rouge1": 0.2291488139724367,
    "rouge2": 0.0442701271153437,
    "rougeL": 0.1351074368170584,
    "rougeLsum": 0.15658938896450844
  },
  "general_qa": {
    "rouge1": 0.26152752463151385,
    "rouge2": 0.06544816673160356,
    "rougeL": 0.16975255827046573,
    "rougeLsum": 0.17883397226937647
  },
  "information_extraction": {
    "rouge1": 0.35309981355123476,
    "rouge2": 0.21902480707525684,
    "rougeL": 0.31182787615518803,
    "rougeLsum": 0.3156590194577352
  },
  "open_qa": {
    "rouge1": 0.2836916659664504,
    "rouge2": 0.11490914541124451,
    "rougeL": 0.22360224466612133,
    "rougeLsum": 0.23049037951091114
  },
  "summarization": {
    "rouge1": 0.43861724799531376,
    "rouge2": 0.29055168650845786,
    "rougeL": 0.37672067977240153,
    "rougeLsum": 0.3895488076807869
  },
  "overall": {
    "avg_rouge1": 0.32586355720727916,
    "avg_rouge2": 0.1476235675907218,
    "avg_rougeL": 0.25732036893988103,
    "avg_rougeLsum": 0.2714169883344174
  }
}