{
  "overall_pred_avg": 32.12916666666667,
  "overall_prop_avg": 44.84166666666667,
  "overall_ratio": 1.395668525483076,
  "categories": {
    "brainstorming": {
      "num_samples": 200,
      "avg_prediction_score": 37.13333333333333,
      "avg_proposed_score": 44.7,
      "ratio": 1.2037701974865351
    },
    "classification": {
      "num_samples": 200,
      "avg_prediction_score": 18.866666666666667,
      "avg_proposed_score": 25.433333333333334,
      "ratio": 1.3480565371024735
    },
    "closed_qa": {
      "num_samples": 200,
      "avg_prediction_score": 33.93333333333334,
      "avg_proposed_score": 55.66666666666667,
      "ratio": 1.6404715127701375
    },
    "creative_writing": {
      "num_samples": 200,
      "avg_prediction_score": 40.26666666666667,
      "avg_proposed_score": 36.833333333333336,
      "ratio": 0.9147350993377482
    },
    "general_qa": {
      "num_samples": 200,
      "avg_prediction_score": 41.73333333333334,
      "avg_proposed_score": 50.63333333333333,
      "ratio": 1.2132587859424917
    },
    "information_extraction": {
      "num_samples": 200,
      "avg_prediction_score": 23.03333333333333,
      "avg_proposed_score": 55.7,
      "ratio": 2.4182344428364693
    },
    "open_qa": {
      "num_samples": 200,
      "avg_prediction_score": 31.333333333333336,
      "avg_proposed_score": 37.36666666666667,
      "ratio": 1.1925531914893617
    },
    "summarization": {
      "num_samples": 200,
      "avg_prediction_score": 30.73333333333333,
      "avg_proposed_score": 52.4,
      "ratio": 1.7049891540130153
    }
  },
  "votes_per_sample": 3,
  "num_samples": 1600,
  "eval_failures": 0,
  "total_in_files": 1600,
  "batched_evaluation": true,
  "batch_size": 20,
  "retry_attempts": 0
}