{
  "brainstorming": {
    "rouge1": 0.21497483518346272,
    "rouge2": 0.0590825406015754,
    "rougeL": 0.15523675163589845,
    "rougeLsum": 0.18400865411931144
  },
  "classification": {
    "rouge1": 0.573674498911372,
    "rouge2": 0.2792078388355623,
    "rougeL": 0.46768941999922015,
    "rougeLsum": 0.4945600557734388
  },
  "closed_qa": {
    "rouge1": 0.39270474454614634,
    "rouge2": 0.21959604417045633,
    "rougeL": 0.35587113771178347,
    "rougeLsum": 0.35913865549484564
  },
  "creative_writing": {
    "rouge1": 0.21578174915111392,
    "rouge2": 0.041354855960401476,
    "rougeL": 0.131403785876222,
    "rougeLsum": 0.15263940646579147
  },
  "general_qa": {
    "rouge1": 0.2527422349141112,
    "rouge2": 0.06659376895168675,
    "rougeL": 0.1684070787873998,
    "rougeLsum": 0.1798211253084891
  },
  "information_extraction": {
    "rouge1": 0.4099406239464187,
    "rouge2": 0.2743911905054691,
    "rougeL": 0.37540219996272906,
    "rougeLsum": 0.3785245132246514
  },
  "open_qa": {
    "rouge1": 0.2742695891540206,
    "rouge2": 0.11257906710390002,
    "rougeL": 0.22424486557368511,
    "rougeLsum": 0.23028267873645064
  },
  "summarization": {
    "rouge1": 0.3596470587180977,
    "rouge2": 0.22570279564329615,
    "rougeL": 0.3122824100653494,
    "rougeLsum": 0.3223431879344689
  },
  "overall": {
    "avg_rouge1": 0.3367169168155929,
    "avg_rouge2": 0.15981351272154345,
    "avg_rougeL": 0.27381720620153593,
    "avg_rougeLsum": 0.2876647846321809
  }
}