{
  "brainstorming": {
    "rouge1": 0.2147657906718507,
    "rouge2": 0.05926668798247872,
    "rougeL": 0.15456697669035302,
    "rougeLsum": 0.184833773875979
  },
  "classification": {
    "rouge1": 0.5715991905138569,
    "rouge2": 0.2782089349071257,
    "rougeL": 0.46731335181764216,
    "rougeLsum": 0.49563483430594985
  },
  "closed_qa": {
    "rouge1": 0.393490843933734,
    "rouge2": 0.220241998233837,
    "rougeL": 0.3552553245852612,
    "rougeLsum": 0.36071718234587324
  },
  "creative_writing": {
    "rouge1": 0.21571459579788063,
    "rouge2": 0.041260314064813106,
    "rougeL": 0.13130259155152352,
    "rougeLsum": 0.15195750691833773
  },
  "general_qa": {
    "rouge1": 0.2521209916540257,
    "rouge2": 0.06688073790989814,
    "rougeL": 0.16833398665068788,
    "rougeLsum": 0.17926812197581626
  },
  "information_extraction": {
    "rouge1": 0.41064609327368584,
    "rouge2": 0.2736640949780741,
    "rougeL": 0.3749840467861506,
    "rougeLsum": 0.3794587501179588
  },
  "open_qa": {
    "rouge1": 0.2729616175482821,
    "rouge2": 0.11312803598266402,
    "rougeL": 0.22426883898252703,
    "rougeLsum": 0.22996108309671243
  },
  "summarization": {
    "rouge1": 0.3586791970468294,
    "rouge2": 0.22641648274423082,
    "rougeL": 0.31270214240781763,
    "rougeLsum": 0.3243797410483291
  },
  "overall": {
    "avg_rouge1": 0.33624729005501813,
    "avg_rouge2": 0.15988341085039018,
    "avg_rougeL": 0.2735909074339954,
    "avg_rougeLsum": 0.2882763742106196
  }
}