{
  "brainstorming": {
    "rouge1": 0.22609779280341993,
    "rouge2": 0.0662240325072509,
    "rougeL": 0.1637241803891663,
    "rougeLsum": 0.19428606903661225
  },
  "classification": {
    "rouge1": 0.630563086611347,
    "rouge2": 0.37657530372806564,
    "rougeL": 0.5074165036788718,
    "rougeLsum": 0.5297694130035548
  },
  "closed_qa": {
    "rouge1": 0.3785862323295705,
    "rouge2": 0.21763103336196346,
    "rougeL": 0.33537645227817814,
    "rougeLsum": 0.33954058833048456
  },
  "creative_writing": {
    "rouge1": 0.23277996910864923,
    "rouge2": 0.044268913184322356,
    "rougeL": 0.1375072604408092,
    "rougeLsum": 0.1640457017661914
  },
  "general_qa": {
    "rouge1": 0.2430003308945784,
    "rouge2": 0.0559727189312042,
    "rougeL": 0.15540712163527476,
    "rougeLsum": 0.1676954607100664
  },
  "information_extraction": {
    "rouge1": 0.4070211870861863,
    "rouge2": 0.2650950510249087,
    "rougeL": 0.3577896072337773,
    "rougeLsum": 0.3706748280449666
  },
  "open_qa": {
    "rouge1": 0.26276083685517454,
    "rouge2": 0.10207510838671313,
    "rougeL": 0.20432108021973489,
    "rougeLsum": 0.21011847410518414
  },
  "summarization": {
    "rouge1": 0.4124568087558284,
    "rouge2": 0.27605905126452224,
    "rougeL": 0.3546138717141467,
    "rougeLsum": 0.36932327122579406
  },
  "overall": {
    "avg_rouge1": 0.3491582805555943,
    "avg_rouge2": 0.1754876515486188,
    "avg_rougeL": 0.2770195096987449,
    "avg_rougeLsum": 0.2931817257778568
  }
}