{
  "brainstorming": {
    "rouge1": 0.22616344214472603,
    "rouge2": 0.058844862195768746,
    "rougeL": 0.15944027653505088,
    "rougeLsum": 0.19263826103456555
  },
  "classification": {
    "rouge1": 0.6043559463086252,
    "rouge2": 0.3474048034281713,
    "rougeL": 0.484656979033716,
    "rougeLsum": 0.5068531571869419
  },
  "closed_qa": {
    "rouge1": 0.3680337645935647,
    "rouge2": 0.202154051970018,
    "rougeL": 0.32574335289038425,
    "rougeLsum": 0.3309012413613585
  },
  "creative_writing": {
    "rouge1": 0.2370034807980336,
    "rouge2": 0.042970366306771215,
    "rougeL": 0.13865183733133069,
    "rougeLsum": 0.16531867938986236
  },
  "general_qa": {
    "rouge1": 0.246981786541521,
    "rouge2": 0.055110332535457926,
    "rougeL": 0.16074669963045604,
    "rougeLsum": 0.17240965031432487
  },
  "information_extraction": {
    "rouge1": 0.3979044990735121,
    "rouge2": 0.246393852599211,
    "rougeL": 0.3478053965535502,
    "rougeLsum": 0.35604873944261317
  },
  "open_qa": {
    "rouge1": 0.27384217567790237,
    "rouge2": 0.10291196894725055,
    "rougeL": 0.21387655853267343,
    "rougeLsum": 0.21846951863912778
  },
  "summarization": {
    "rouge1": 0.3930957580823964,
    "rouge2": 0.2425880430265724,
    "rougeL": 0.33461467620429336,
    "rougeLsum": 0.34952210437424375
  },
  "overall": {
    "avg_rouge1": 0.3434226066525352,
    "avg_rouge2": 0.16229728512615263,
    "avg_rougeL": 0.27069197208893186,
    "avg_rougeLsum": 0.2865201689678798
  }
}