{
  "brainstorming": {
    "rouge1": 0.2269043495875533,
    "rouge2": 0.058138129590757065,
    "rougeL": 0.16540743268069824,
    "rougeLsum": 0.19433995162733986
  },
  "classification": {
    "rouge1": 0.6154113084910562,
    "rouge2": 0.35031742260560184,
    "rougeL": 0.49444278808516695,
    "rougeLsum": 0.5252633110380482
  },
  "closed_qa": {
    "rouge1": 0.3751236333134695,
    "rouge2": 0.2021720557592171,
    "rougeL": 0.322142059895281,
    "rougeLsum": 0.3264437218059608
  },
  "creative_writing": {
    "rouge1": 0.225119818537989,
    "rouge2": 0.04312248741803447,
    "rougeL": 0.133016141339642,
    "rougeLsum": 0.1577256758025491
  },
  "general_qa": {
    "rouge1": 0.24332103937241814,
    "rouge2": 0.05505132691254801,
    "rougeL": 0.15917461447783382,
    "rougeLsum": 0.1698812761969028
  },
  "information_extraction": {
    "rouge1": 0.40229681023031283,
    "rouge2": 0.25721104462199984,
    "rougeL": 0.3566096305816227,
    "rougeLsum": 0.3669394898826507
  },
  "open_qa": {
    "rouge1": 0.26364224681054044,
    "rouge2": 0.09467161746491509,
    "rougeL": 0.20626839355993035,
    "rougeLsum": 0.20893405217099484
  },
  "summarization": {
    "rouge1": 0.4125326605434839,
    "rouge2": 0.258398966944817,
    "rougeL": 0.34534960230985956,
    "rougeLsum": 0.36101639216109804
  },
  "overall": {
    "avg_rouge1": 0.3455439833608529,
    "avg_rouge2": 0.1648853814147363,
    "avg_rougeL": 0.2728013328662543,
    "avg_rougeLsum": 0.28881798383569307
  }
}