{
  "brainstorming": {
    "rouge1": 0.22034096543308018,
    "rouge2": 0.05346145821813538,
    "rougeL": 0.16377829919235304,
    "rougeLsum": 0.1911938283145843
  },
  "classification": {
    "rouge1": 0.6075634301228464,
    "rouge2": 0.3442544766171748,
    "rougeL": 0.48980662265076846,
    "rougeLsum": 0.5160026187614506
  },
  "closed_qa": {
    "rouge1": 0.3597584241347221,
    "rouge2": 0.1906773153158196,
    "rougeL": 0.3163620192891874,
    "rougeLsum": 0.3207547805751668
  },
  "creative_writing": {
    "rouge1": 0.21312151195891266,
    "rouge2": 0.039286735336690484,
    "rougeL": 0.1276619460726451,
    "rougeLsum": 0.1513277347690043
  },
  "general_qa": {
    "rouge1": 0.2252897972321556,
    "rouge2": 0.04953589924935074,
    "rougeL": 0.14628438569872498,
    "rougeLsum": 0.1575446943090355
  },
  "information_extraction": {
    "rouge1": 0.3995424302579662,
    "rouge2": 0.26742959657006793,
    "rougeL": 0.35723555546089314,
    "rougeLsum": 0.3662548489059593
  },
  "open_qa": {
    "rouge1": 0.2448596633294733,
    "rouge2": 0.08520435655797279,
    "rougeL": 0.19721691939539243,
    "rougeLsum": 0.20097490871519968
  },
  "summarization": {
    "rouge1": 0.3815155269686543,
    "rouge2": 0.22633436137500793,
    "rougeL": 0.3182188698899737,
    "rougeLsum": 0.3351397029779561
  },
  "overall": {
    "avg_rouge1": 0.33149896867972634,
    "avg_rouge2": 0.15702302490502745,
    "avg_rougeL": 0.2645705772062423,
    "avg_rougeLsum": 0.27989913966604457
  }
}