{
  "brainstorming": {
    "rouge1": 0.2207954017264414,
    "rouge2": 0.058064669567438804,
    "rougeL": 0.15836866166456684,
    "rougeLsum": 0.19062770680493335
  },
  "classification": {
    "rouge1": 0.650674844490506,
    "rouge2": 0.3859158074427174,
    "rougeL": 0.53945887458333,
    "rougeLsum": 0.5635658899189216
  },
  "closed_qa": {
    "rouge1": 0.38652781452432694,
    "rouge2": 0.2142293273002659,
    "rougeL": 0.33757627688419456,
    "rougeLsum": 0.3430570991210179
  },
  "creative_writing": {
    "rouge1": 0.22736483251823653,
    "rouge2": 0.04191810376135245,
    "rougeL": 0.1342145050593161,
    "rougeLsum": 0.16284945762163316
  },
  "general_qa": {
    "rouge1": 0.23420488844823278,
    "rouge2": 0.05489039725015736,
    "rougeL": 0.15687053538085932,
    "rougeLsum": 0.16643866275262814
  },
  "information_extraction": {
    "rouge1": 0.41091262190106925,
    "rouge2": 0.2594712105979004,
    "rougeL": 0.36067079302378435,
    "rougeLsum": 0.36893660198996425
  },
  "open_qa": {
    "rouge1": 0.26769788754383805,
    "rouge2": 0.09790517532051554,
    "rougeL": 0.21303574103046993,
    "rougeLsum": 0.21873365575093717
  },
  "summarization": {
    "rouge1": 0.4175433937108532,
    "rouge2": 0.26371656213311895,
    "rougeL": 0.3523085775740874,
    "rougeLsum": 0.36932421520487835
  },
  "overall": {
    "avg_rouge1": 0.351965210607938,
    "avg_rouge2": 0.17201390667168334,
    "avg_rougeL": 0.2815629956500761,
    "avg_rougeLsum": 0.29794166114561427
  }
}