{
  "brainstorming": {
    "rouge1": 0.21214757781220825,
    "rouge2": 0.054697394226093266,
    "rougeL": 0.15710341433905003,
    "rougeLsum": 0.17949116437532736
  },
  "classification": {
    "rouge1": 0.6046608580078849,
    "rouge2": 0.35038801147988885,
    "rougeL": 0.49907165489864896,
    "rougeLsum": 0.5223216015746237
  },
  "closed_qa": {
    "rouge1": 0.35607528699589863,
    "rouge2": 0.18889316906588283,
    "rougeL": 0.32119753651150007,
    "rougeLsum": 0.32061612588732463
  },
  "creative_writing": {
    "rouge1": 0.2141121718772132,
    "rouge2": 0.04001796931697943,
    "rougeL": 0.1286986658648518,
    "rougeLsum": 0.1525815427303929
  },
  "general_qa": {
    "rouge1": 0.22816460724650955,
    "rouge2": 0.05489377097565003,
    "rougeL": 0.15386095544710182,
    "rougeLsum": 0.16207302053623557
  },
  "information_extraction": {
    "rouge1": 0.3875470379617644,
    "rouge2": 0.2514272273320431,
    "rougeL": 0.347216422045791,
    "rougeLsum": 0.35431213233618386
  },
  "open_qa": {
    "rouge1": 0.2588135313858084,
    "rouge2": 0.09666379304500147,
    "rougeL": 0.20562706692412686,
    "rougeLsum": 0.2089884949454432
  },
  "summarization": {
    "rouge1": 0.3721340796669798,
    "rouge2": 0.23747128681250015,
    "rougeL": 0.3159629618571349,
    "rougeLsum": 0.3302919967249812
  },
  "overall": {
    "avg_rouge1": 0.32920689386928337,
    "avg_rouge2": 0.1593065777817549,
    "avg_rougeL": 0.26609233473602567,
    "avg_rougeLsum": 0.2788345098888141
  }
}