{
  "brainstorming": {
    "rouge1": 0.21357560470742465,
    "rouge2": 0.05912348966287533,
    "rougeL": 0.16200320405542815,
    "rougeLsum": 0.18684896833840065
  },
  "classification": {
    "rouge1": 0.6223396483049058,
    "rouge2": 0.37638397077466784,
    "rougeL": 0.5258514509001742,
    "rougeLsum": 0.5478670903971656
  },
  "closed_qa": {
    "rouge1": 0.36628013275536586,
    "rouge2": 0.20822492848732485,
    "rougeL": 0.33308479405044916,
    "rougeLsum": 0.33705256989518906
  },
  "creative_writing": {
    "rouge1": 0.20821528984446636,
    "rouge2": 0.040352206351968095,
    "rougeL": 0.12776636904250102,
    "rougeLsum": 0.15264161599258957
  },
  "general_qa": {
    "rouge1": 0.22872795527490627,
    "rouge2": 0.05613144675705478,
    "rougeL": 0.15411209829937733,
    "rougeLsum": 0.1640960762673343
  },
  "information_extraction": {
    "rouge1": 0.4054000560925569,
    "rouge2": 0.26436779073800176,
    "rougeL": 0.357810928874155,
    "rougeLsum": 0.3708730625209955
  },
  "open_qa": {
    "rouge1": 0.25924687983487527,
    "rouge2": 0.10106932509406724,
    "rougeL": 0.21438524799030867,
    "rougeLsum": 0.21962373731387802
  },
  "summarization": {
    "rouge1": 0.38710780533843037,
    "rouge2": 0.24234725043925248,
    "rougeL": 0.3336360088884176,
    "rougeLsum": 0.34767263430362794
  },
  "overall": {
    "avg_rouge1": 0.33636167151911645,
    "avg_rouge2": 0.16850005103815158,
    "avg_rougeL": 0.27608126276260136,
    "avg_rougeLsum": 0.2908344693786476
  }
}