{
  "brainstorming": {
    "rouge1": 0.21735746138081813,
    "rouge2": 0.05540229461950889,
    "rougeL": 0.1555553313500451,
    "rougeLsum": 0.1918319730354437
  },
  "classification": {
    "rouge1": 0.6138400500194306,
    "rouge2": 0.3526417150927962,
    "rougeL": 0.49292956990117054,
    "rougeLsum": 0.519329818479636
  },
  "closed_qa": {
    "rouge1": 0.34704284623056547,
    "rouge2": 0.1853389099144048,
    "rougeL": 0.31122640048486205,
    "rougeLsum": 0.31502265300186083
  },
  "creative_writing": {
    "rouge1": 0.2288486841169995,
    "rouge2": 0.03972464897175143,
    "rougeL": 0.13321323845776722,
    "rougeLsum": 0.16144523512240477
  },
  "general_qa": {
    "rouge1": 0.23927895619472056,
    "rouge2": 0.05615097106811949,
    "rougeL": 0.15618043556922706,
    "rougeLsum": 0.16832671478937927
  },
  "information_extraction": {
    "rouge1": 0.38863999016274037,
    "rouge2": 0.24344774874036532,
    "rougeL": 0.3462867388683418,
    "rougeLsum": 0.3510975523964497
  },
  "open_qa": {
    "rouge1": 0.25634677298998587,
    "rouge2": 0.09130538950567574,
    "rougeL": 0.2036909021870441,
    "rougeLsum": 0.20710934383130353
  },
  "summarization": {
    "rouge1": 0.35408999323007184,
    "rouge2": 0.20210874472472795,
    "rougeL": 0.29520331071137057,
    "rougeLsum": 0.3083639173579553
  },
  "overall": {
    "avg_rouge1": 0.33068059429066654,
    "avg_rouge2": 0.15326505282966874,
    "avg_rougeL": 0.2617857409412286,
    "avg_rougeLsum": 0.2778159010018041
  }
}