{
  "brainstorming": {
    "rouge1": 0.1903254538992759,
    "rouge2": 0.04840712440226036,
    "rougeL": 0.13140056601732486,
    "rougeLsum": 0.15865114852731718
  },
  "classification": {
    "rouge1": 0.2973925252057189,
    "rouge2": 0.1115544448007854,
    "rougeL": 0.22765405679185685,
    "rougeLsum": 0.25063532367533886
  },
  "closed_qa": {
    "rouge1": 0.25343685466442417,
    "rouge2": 0.12671764635951277,
    "rougeL": 0.21026881461618385,
    "rougeLsum": 0.21679209064683086
  },
  "creative_writing": {
    "rouge1": 0.2413408433244682,
    "rouge2": 0.04351307036241017,
    "rougeL": 0.13746945081427325,
    "rougeLsum": 0.16401623791387088
  },
  "general_qa": {
    "rouge1": 0.26515121254227453,
    "rouge2": 0.0638507380635441,
    "rougeL": 0.1673166208864248,
    "rougeLsum": 0.18156686109292297
  },
  "information_extraction": {
    "rouge1": 0.24811552912834467,
    "rouge2": 0.12946741795503752,
    "rougeL": 0.20347831490135698,
    "rougeLsum": 0.2085658397093091
  },
  "open_qa": {
    "rouge1": 0.2270698531565905,
    "rouge2": 0.07565152397573932,
    "rougeL": 0.1648831278055638,
    "rougeLsum": 0.17183795422199943
  },
  "summarization": {
    "rouge1": 0.30475754928844545,
    "rouge2": 0.14359898632579787,
    "rougeL": 0.23580102845479717,
    "rougeLsum": 0.24887354577076215
  },
  "overall": {
    "avg_rouge1": 0.25344872765119275,
    "avg_rouge2": 0.09284511903063594,
    "avg_rougeL": 0.1847839975359727,
    "avg_rougeLsum": 0.20011737519479394
  }
}